ISO-10303-21;
HEADER;
FILE_DESCRIPTION(('KiCad electronic assembly'),'2;1');
FILE_NAME('pacpadv3_final.step','2026-09-15T19:53:29',('Pcbnew'),(
    'Kicad'),'Open CASCADE STEP processor 7.9','KiCad to STEP converter'
  ,'Unknown');
FILE_SCHEMA(('AUTOMOTIVE_DESIGN { 1 0 10303 214 1 1 1 1 }'));
ENDSEC;
DATA;
#1 = APPLICATION_PROTOCOL_DEFINITION('international standard',
  'automotive_design',2000,#2);
#2 = APPLICATION_CONTEXT(
  'core data for automotive mechanical design processes');
#3 = SHAPE_DEFINITION_REPRESENTATION(#4,#10);
#4 = PRODUCT_DEFINITION_SHAPE('','',#5);
#5 = PRODUCT_DEFINITION('design','',#6,#9);
#6 = PRODUCT_DEFINITION_FORMATION('','',#7);
#7 = PRODUCT('pacpadv3_final 1','pacpadv3_final 1','',(#8));
#8 = PRODUCT_CONTEXT('',#2,'mechanical');
#9 = PRODUCT_DEFINITION_CONTEXT('part definition',#2,'design');
#10 = SHAPE_REPRESENTATION('',(#11,#15),#19);
#11 = AXIS2_PLACEMENT_3D('',#12,#13,#14);
#12 = CARTESIAN_POINT('',(0.,0.,0.));
#13 = DIRECTION('',(0.,0.,1.));
#14 = DIRECTION('',(1.,0.,-0.));
#15 = AXIS2_PLACEMENT_3D('',#16,#17,#18);
#16 = CARTESIAN_POINT('',(0.,0.,0.));
#17 = DIRECTION('',(0.,0.,1.));
#18 = DIRECTION('',(1.,0.,-0.));
#19 = ( GEOMETRIC_REPRESENTATION_CONTEXT(3) 
GLOBAL_UNCERTAINTY_ASSIGNED_CONTEXT((#23)) GLOBAL_UNIT_ASSIGNED_CONTEXT(
(#20,#21,#22)) REPRESENTATION_CONTEXT('Context #1',
  '3D Context with UNIT and UNCERTAINTY') );
#20 = ( LENGTH_UNIT() NAMED_UNIT(*) SI_UNIT(.MILLI.,.METRE.) );
#21 = ( NAMED_UNIT(*) PLANE_ANGLE_UNIT() SI_UNIT($,.RADIAN.) );
#22 = ( NAMED_UNIT(*) SI_UNIT($,.STERADIAN.) SOLID_ANGLE_UNIT() );
#23 = UNCERTAINTY_MEASURE_WITH_UNIT(LENGTH_MEASURE(1.E-07),#20,
  'distance_accuracy_value','confusion accuracy');
#24 = PRODUCT_RELATED_PRODUCT_CATEGORY('part',$,(#7));
#25 = SHAPE_DEFINITION_REPRESENTATION(#26,#32);
#26 = PRODUCT_DEFINITION_SHAPE('','',#27);
#27 = PRODUCT_DEFINITION('design','',#28,#31);
#28 = PRODUCT_DEFINITION_FORMATION('','',#29);
#29 = PRODUCT('pac4A9B_PCB','pac4A9B_PCB','',(#30));
#30 = PRODUCT_CONTEXT('',#2,'mechanical');
#31 = PRODUCT_DEFINITION_CONTEXT('part definition',#2,'design');
#32 = ADVANCED_BREP_SHAPE_REPRESENTATION('',(#11,#33),#3050);
#33 = MANIFOLD_SOLID_BREP('',#34);
#34 = CLOSED_SHELL('',(#35,#75,#106,#137,#933,#1729,#1741,#1758,#1775,
    #1792,#1809,#1826,#1843,#1860,#1877,#1894,#1911,#1928,#1945,#1962,
    #1984,#2001,#2018,#2035,#2052,#2069,#2086,#2103,#2120,#2137,#2154,
    #2171,#2188,#2205,#2222,#2234,#2251,#2268,#2285,#2302,#2319,#2336,
    #2353,#2370,#2392,#2409,#2426,#2443,#2460,#2477,#2494,#2511,#2528,
    #2545,#2562,#2579,#2596,#2613,#2630,#2642,#2659,#2676,#2693,#2710,
    #2727,#2744,#2761,#2778,#2795,#2812,#2829,#2846,#2863,#2880,#2897,
    #2914,#2931,#2948,#2965,#2982,#2999,#3016,#3033));
#35 = ADVANCED_FACE('',(#36),#70,.T.);
#36 = FACE_BOUND('',#37,.T.);
#37 = EDGE_LOOP('',(#38,#48,#56,#64));
#38 = ORIENTED_EDGE('',*,*,#39,.T.);
#39 = EDGE_CURVE('',#40,#42,#44,.T.);
#40 = VERTEX_POINT('',#41);
#41 = CARTESIAN_POINT('',(172.,-91.5,0.));
#42 = VERTEX_POINT('',#43);
#43 = CARTESIAN_POINT('',(172.,-91.5,1.51));
#44 = LINE('',#45,#46);
#45 = CARTESIAN_POINT('',(172.,-91.5,0.));
#46 = VECTOR('',#47,1.);
#47 = DIRECTION('',(0.,0.,1.));
#48 = ORIENTED_EDGE('',*,*,#49,.T.);
#49 = EDGE_CURVE('',#42,#50,#52,.T.);
#50 = VERTEX_POINT('',#51);
#51 = CARTESIAN_POINT('',(104.,-91.5,1.51));
#52 = LINE('',#53,#54);
#53 = CARTESIAN_POINT('',(172.,-91.5,1.51));
#54 = VECTOR('',#55,1.);
#55 = DIRECTION('',(-1.,0.,0.));
#56 = ORIENTED_EDGE('',*,*,#57,.F.);
#57 = EDGE_CURVE('',#58,#50,#60,.T.);
#58 = VERTEX_POINT('',#59);
#59 = CARTESIAN_POINT('',(104.,-91.5,0.));
#60 = LINE('',#61,#62);
#61 = CARTESIAN_POINT('',(104.,-91.5,0.));
#62 = VECTOR('',#63,1.);
#63 = DIRECTION('',(0.,0.,1.));
#64 = ORIENTED_EDGE('',*,*,#65,.F.);
#65 = EDGE_CURVE('',#40,#58,#66,.T.);
#66 = LINE('',#67,#68);
#67 = CARTESIAN_POINT('',(172.,-91.5,0.));
#68 = VECTOR('',#69,1.);
#69 = DIRECTION('',(-1.,0.,0.));
#70 = PLANE('',#71);
#71 = AXIS2_PLACEMENT_3D('',#72,#73,#74);
#72 = CARTESIAN_POINT('',(172.,-91.5,0.));
#73 = DIRECTION('',(0.,-1.,0.));
#74 = DIRECTION('',(-1.,0.,0.));
#75 = ADVANCED_FACE('',(#76),#101,.T.);
#76 = FACE_BOUND('',#77,.T.);
#77 = EDGE_LOOP('',(#78,#88,#94,#95));
#78 = ORIENTED_EDGE('',*,*,#79,.T.);
#79 = EDGE_CURVE('',#80,#82,#84,.T.);
#80 = VERTEX_POINT('',#81);
#81 = CARTESIAN_POINT('',(172.,-26.5,0.));
#82 = VERTEX_POINT('',#83);
#83 = CARTESIAN_POINT('',(172.,-26.5,1.51));
#84 = LINE('',#85,#86);
#85 = CARTESIAN_POINT('',(172.,-26.5,0.));
#86 = VECTOR('',#87,1.);
#87 = DIRECTION('',(0.,0.,1.));
#88 = ORIENTED_EDGE('',*,*,#89,.T.);
#89 = EDGE_CURVE('',#82,#42,#90,.T.);
#90 = LINE('',#91,#92);
#91 = CARTESIAN_POINT('',(172.,-26.5,1.51));
#92 = VECTOR('',#93,1.);
#93 = DIRECTION('',(0.,-1.,0.));
#94 = ORIENTED_EDGE('',*,*,#39,.F.);
#95 = ORIENTED_EDGE('',*,*,#96,.F.);
#96 = EDGE_CURVE('',#80,#40,#97,.T.);
#97 = LINE('',#98,#99);
#98 = CARTESIAN_POINT('',(172.,-26.5,0.));
#99 = VECTOR('',#100,1.);
#100 = DIRECTION('',(0.,-1.,0.));
#101 = PLANE('',#102);
#102 = AXIS2_PLACEMENT_3D('',#103,#104,#105);
#103 = CARTESIAN_POINT('',(172.,-26.5,0.));
#104 = DIRECTION('',(1.,0.,-0.));
#105 = DIRECTION('',(0.,-1.,0.));
#106 = ADVANCED_FACE('',(#107),#132,.T.);
#107 = FACE_BOUND('',#108,.T.);
#108 = EDGE_LOOP('',(#109,#110,#118,#126));
#109 = ORIENTED_EDGE('',*,*,#57,.T.);
#110 = ORIENTED_EDGE('',*,*,#111,.T.);
#111 = EDGE_CURVE('',#50,#112,#114,.T.);
#112 = VERTEX_POINT('',#113);
#113 = CARTESIAN_POINT('',(104.,-26.5,1.51));
#114 = LINE('',#115,#116);
#115 = CARTESIAN_POINT('',(104.,-91.5,1.51));
#116 = VECTOR('',#117,1.);
#117 = DIRECTION('',(0.,1.,0.));
#118 = ORIENTED_EDGE('',*,*,#119,.F.);
#119 = EDGE_CURVE('',#120,#112,#122,.T.);
#120 = VERTEX_POINT('',#121);
#121 = CARTESIAN_POINT('',(104.,-26.5,0.));
#122 = LINE('',#123,#124);
#123 = CARTESIAN_POINT('',(104.,-26.5,0.));
#124 = VECTOR('',#125,1.);
#125 = DIRECTION('',(0.,0.,1.));
#126 = ORIENTED_EDGE('',*,*,#127,.F.);
#127 = EDGE_CURVE('',#58,#120,#128,.T.);
#128 = LINE('',#129,#130);
#129 = CARTESIAN_POINT('',(104.,-91.5,0.));
#130 = VECTOR('',#131,1.);
#131 = DIRECTION('',(0.,1.,0.));
#132 = PLANE('',#133);
#133 = AXIS2_PLACEMENT_3D('',#134,#135,#136);
#134 = CARTESIAN_POINT('',(104.,-91.5,0.));
#135 = DIRECTION('',(-1.,0.,0.));
#136 = DIRECTION('',(0.,1.,0.));
#137 = ADVANCED_FACE('',(#138,#149,#160,#171,#182,#193,#204,#215,#226,
    #237,#248,#259,#270,#281,#292,#434,#445,#456,#467,#478,#489,#500,
    #511,#522,#664,#675,#686,#697,#708,#719,#730,#741,#752,#763,#774,
    #785,#796,#807,#818,#829,#840,#851,#862,#873,#884,#895,#906,#917),
  #928,.F.);
#138 = FACE_BOUND('',#139,.F.);
#139 = EDGE_LOOP('',(#140,#141,#142,#148));
#140 = ORIENTED_EDGE('',*,*,#65,.F.);
#141 = ORIENTED_EDGE('',*,*,#96,.F.);
#142 = ORIENTED_EDGE('',*,*,#143,.F.);
#143 = EDGE_CURVE('',#120,#80,#144,.T.);
#144 = LINE('',#145,#146);
#145 = CARTESIAN_POINT('',(104.,-26.5,0.));
#146 = VECTOR('',#147,1.);
#147 = DIRECTION('',(1.,0.,0.));
#148 = ORIENTED_EDGE('',*,*,#127,.F.);
#149 = FACE_BOUND('',#150,.F.);
#150 = EDGE_LOOP('',(#151));
#151 = ORIENTED_EDGE('',*,*,#152,.T.);
#152 = EDGE_CURVE('',#153,#153,#155,.T.);
#153 = VERTEX_POINT('',#154);
#154 = CARTESIAN_POINT('',(112.84,-81.35,0.));
#155 = CIRCLE('',#156,0.85);
#156 = AXIS2_PLACEMENT_3D('',#157,#158,#159);
#157 = CARTESIAN_POINT('',(112.84,-80.5,0.));
#158 = DIRECTION('',(-0.,0.,-1.));
#159 = DIRECTION('',(-0.,-1.,0.));
#160 = FACE_BOUND('',#161,.F.);
#161 = EDGE_LOOP('',(#162));
#162 = ORIENTED_EDGE('',*,*,#163,.T.);
#163 = EDGE_CURVE('',#164,#164,#166,.T.);
#164 = VERTEX_POINT('',#165);
#165 = CARTESIAN_POINT('',(114.11,-78.71,0.));
#166 = CIRCLE('',#167,0.75);
#167 = AXIS2_PLACEMENT_3D('',#168,#169,#170);
#168 = CARTESIAN_POINT('',(114.11,-77.96,0.));
#169 = DIRECTION('',(-0.,0.,-1.));
#170 = DIRECTION('',(-0.,-1.,0.));
#171 = FACE_BOUND('',#172,.F.);
#172 = EDGE_LOOP('',(#173));
#173 = ORIENTED_EDGE('',*,*,#174,.T.);
#174 = EDGE_CURVE('',#175,#175,#177,.T.);
#175 = VERTEX_POINT('',#176);
#176 = CARTESIAN_POINT('',(117.92,-82.5,0.));
#177 = CIRCLE('',#178,2.);
#178 = AXIS2_PLACEMENT_3D('',#179,#180,#181);
#179 = CARTESIAN_POINT('',(117.92,-80.5,0.));
#180 = DIRECTION('',(-0.,0.,-1.));
#181 = DIRECTION('',(-0.,-1.,0.));
#182 = FACE_BOUND('',#183,.F.);
#183 = EDGE_LOOP('',(#184));
#184 = ORIENTED_EDGE('',*,*,#185,.T.);
#185 = EDGE_CURVE('',#186,#186,#188,.T.);
#186 = VERTEX_POINT('',#187);
#187 = CARTESIAN_POINT('',(123.,-81.35,0.));
#188 = CIRCLE('',#189,0.85);
#189 = AXIS2_PLACEMENT_3D('',#190,#191,#192);
#190 = CARTESIAN_POINT('',(123.,-80.5,0.));
#191 = DIRECTION('',(-0.,0.,-1.));
#192 = DIRECTION('',(-0.,-1.,0.));
#193 = FACE_BOUND('',#194,.F.);
#194 = EDGE_LOOP('',(#195));
#195 = ORIENTED_EDGE('',*,*,#196,.T.);
#196 = EDGE_CURVE('',#197,#197,#199,.T.);
#197 = VERTEX_POINT('',#198);
#198 = CARTESIAN_POINT('',(120.46,-76.17,0.));
#199 = CIRCLE('',#200,0.75);
#200 = AXIS2_PLACEMENT_3D('',#201,#202,#203);
#201 = CARTESIAN_POINT('',(120.46,-75.42,0.));
#202 = DIRECTION('',(-0.,0.,-1.));
#203 = DIRECTION('',(-0.,-1.,0.));
#204 = FACE_BOUND('',#205,.F.);
#205 = EDGE_LOOP('',(#206));
#206 = ORIENTED_EDGE('',*,*,#207,.T.);
#207 = EDGE_CURVE('',#208,#208,#210,.T.);
#208 = VERTEX_POINT('',#209);
#209 = CARTESIAN_POINT('',(132.23,-81.39,0.));
#210 = CIRCLE('',#211,0.85);
#211 = AXIS2_PLACEMENT_3D('',#212,#213,#214);
#212 = CARTESIAN_POINT('',(132.23,-80.54,0.));
#213 = DIRECTION('',(-0.,0.,-1.));
#214 = DIRECTION('',(-3.343730521224E-14,-1.,0.));
#215 = FACE_BOUND('',#216,.F.);
#216 = EDGE_LOOP('',(#217));
#217 = ORIENTED_EDGE('',*,*,#218,.T.);
#218 = EDGE_CURVE('',#219,#219,#221,.T.);
#219 = VERTEX_POINT('',#220);
#220 = CARTESIAN_POINT('',(137.31,-82.54,0.));
#221 = CIRCLE('',#222,2.);
#222 = AXIS2_PLACEMENT_3D('',#223,#224,#225);
#223 = CARTESIAN_POINT('',(137.31,-80.54,0.));
#224 = DIRECTION('',(-0.,0.,-1.));
#225 = DIRECTION('',(-0.,-1.,0.));
#226 = FACE_BOUND('',#227,.F.);
#227 = EDGE_LOOP('',(#228));
#228 = ORIENTED_EDGE('',*,*,#229,.T.);
#229 = EDGE_CURVE('',#230,#230,#232,.T.);
#230 = VERTEX_POINT('',#231);
#231 = CARTESIAN_POINT('',(133.5,-78.75,0.));
#232 = CIRCLE('',#233,0.75);
#233 = AXIS2_PLACEMENT_3D('',#234,#235,#236);
#234 = CARTESIAN_POINT('',(133.5,-78.,0.));
#235 = DIRECTION('',(-0.,0.,-1.));
#236 = DIRECTION('',(-0.,-1.,0.));
#237 = FACE_BOUND('',#238,.F.);
#238 = EDGE_LOOP('',(#239));
#239 = ORIENTED_EDGE('',*,*,#240,.T.);
#240 = EDGE_CURVE('',#241,#241,#243,.T.);
#241 = VERTEX_POINT('',#242);
#242 = CARTESIAN_POINT('',(112.84,-62.35,0.));
#243 = CIRCLE('',#244,0.85);
#244 = AXIS2_PLACEMENT_3D('',#245,#246,#247);
#245 = CARTESIAN_POINT('',(112.84,-61.5,0.));
#246 = DIRECTION('',(-0.,0.,-1.));
#247 = DIRECTION('',(-0.,-1.,0.));
#248 = FACE_BOUND('',#249,.F.);
#249 = EDGE_LOOP('',(#250));
#250 = ORIENTED_EDGE('',*,*,#251,.T.);
#251 = EDGE_CURVE('',#252,#252,#254,.T.);
#252 = VERTEX_POINT('',#253);
#253 = CARTESIAN_POINT('',(114.11,-59.71,0.));
#254 = CIRCLE('',#255,0.75);
#255 = AXIS2_PLACEMENT_3D('',#256,#257,#258);
#256 = CARTESIAN_POINT('',(114.11,-58.96,0.));
#257 = DIRECTION('',(-0.,0.,-1.));
#258 = DIRECTION('',(-0.,-1.,0.));
#259 = FACE_BOUND('',#260,.F.);
#260 = EDGE_LOOP('',(#261));
#261 = ORIENTED_EDGE('',*,*,#262,.T.);
#262 = EDGE_CURVE('',#263,#263,#265,.T.);
#263 = VERTEX_POINT('',#264);
#264 = CARTESIAN_POINT('',(117.92,-63.5,0.));
#265 = CIRCLE('',#266,2.);
#266 = AXIS2_PLACEMENT_3D('',#267,#268,#269);
#267 = CARTESIAN_POINT('',(117.92,-61.5,0.));
#268 = DIRECTION('',(-0.,0.,-1.));
#269 = DIRECTION('',(-0.,-1.,0.));
#270 = FACE_BOUND('',#271,.F.);
#271 = EDGE_LOOP('',(#272));
#272 = ORIENTED_EDGE('',*,*,#273,.T.);
#273 = EDGE_CURVE('',#274,#274,#276,.T.);
#274 = VERTEX_POINT('',#275);
#275 = CARTESIAN_POINT('',(123.,-62.35,0.));
#276 = CIRCLE('',#277,0.85);
#277 = AXIS2_PLACEMENT_3D('',#278,#279,#280);
#278 = CARTESIAN_POINT('',(123.,-61.5,0.));
#279 = DIRECTION('',(-0.,0.,-1.));
#280 = DIRECTION('',(-0.,-1.,0.));
#281 = FACE_BOUND('',#282,.F.);
#282 = EDGE_LOOP('',(#283));
#283 = ORIENTED_EDGE('',*,*,#284,.T.);
#284 = EDGE_CURVE('',#285,#285,#287,.T.);
#285 = VERTEX_POINT('',#286);
#286 = CARTESIAN_POINT('',(120.46,-57.17,0.));
#287 = CIRCLE('',#288,0.75);
#288 = AXIS2_PLACEMENT_3D('',#289,#290,#291);
#289 = CARTESIAN_POINT('',(120.46,-56.42,0.));
#290 = DIRECTION('',(-0.,0.,-1.));
#291 = DIRECTION('',(-0.,-1.,0.));
#292 = FACE_BOUND('',#293,.F.);
#293 = EDGE_LOOP('',(#294,#305,#314,#322,#331,#340,#349,#357,#366,#375,
    #384,#392,#401,#410,#419,#427));
#294 = ORIENTED_EDGE('',*,*,#295,.F.);
#295 = EDGE_CURVE('',#296,#298,#300,.T.);
#296 = VERTEX_POINT('',#297);
#297 = CARTESIAN_POINT('',(135.249485,-56.477438,0.));
#298 = VERTEX_POINT('',#299);
#299 = CARTESIAN_POINT('',(134.546712,-55.82886,0.));
#300 = CIRCLE('',#301,0.499999422661);
#301 = AXIS2_PLACEMENT_3D('',#302,#303,#304);
#302 = CARTESIAN_POINT('',(134.79897029551,-56.26056033009,0.));
#303 = DIRECTION('',(0.,0.,1.));
#304 = DIRECTION('',(0.901030449374,-0.433755840654,0.));
#305 = ORIENTED_EDGE('',*,*,#306,.F.);
#306 = EDGE_CURVE('',#307,#296,#309,.T.);
#307 = VERTEX_POINT('',#308);
#308 = CARTESIAN_POINT('',(135.2,-56.694315,0.));
#309 = CIRCLE('',#310,0.499989884978);
#310 = AXIS2_PLACEMENT_3D('',#311,#312,#313);
#311 = CARTESIAN_POINT('',(135.69998988497,-56.69431407911,0.));
#312 = DIRECTION('',(0.,0.,-1.));
#313 = DIRECTION('',(-0.999999999998,-1.841808638835E-06,-0.));
#314 = ORIENTED_EDGE('',*,*,#315,.F.);
#315 = EDGE_CURVE('',#316,#307,#318,.T.);
#316 = VERTEX_POINT('',#317);
#317 = CARTESIAN_POINT('',(135.2,-58.1,0.));
#318 = LINE('',#319,#320);
#319 = CARTESIAN_POINT('',(135.2,-58.1,0.));
#320 = VECTOR('',#321,1.);
#321 = DIRECTION('',(0.,1.,0.));
#322 = ORIENTED_EDGE('',*,*,#323,.F.);
#323 = EDGE_CURVE('',#324,#316,#326,.T.);
#324 = VERTEX_POINT('',#325);
#325 = CARTESIAN_POINT('',(135.249485,-58.316878,0.));
#326 = CIRCLE('',#327,0.499989885034);
#327 = AXIS2_PLACEMENT_3D('',#328,#329,#330);
#328 = CARTESIAN_POINT('',(135.69998988503,-58.10000192086,0.));
#329 = DIRECTION('',(0.,0.,-1.));
#330 = DIRECTION('',(-0.901027997796,-0.43376093322,-0.));
#331 = ORIENTED_EDGE('',*,*,#332,.F.);
#332 = EDGE_CURVE('',#333,#324,#335,.T.);
#333 = VERTEX_POINT('',#334);
#334 = CARTESIAN_POINT('',(134.546712,-58.965457,0.));
#335 = CIRCLE('',#336,0.499999448976);
#336 = AXIS2_PLACEMENT_3D('',#337,#338,#339);
#337 = CARTESIAN_POINT('',(134.79897090428,-58.53375699515,0.));
#338 = DIRECTION('',(0.,0.,1.));
#339 = DIRECTION('',(-0.504518364574,-0.863400961204,0.));
#340 = ORIENTED_EDGE('',*,*,#341,.F.);
#341 = EDGE_CURVE('',#342,#333,#344,.T.);
#342 = VERTEX_POINT('',#343);
#343 = CARTESIAN_POINT('',(134.294453,-58.897158,0.));
#344 = CIRCLE('',#345,0.500008729226);
#345 = AXIS2_PLACEMENT_3D('',#346,#347,#348);
#346 = CARTESIAN_POINT('',(134.29445134314,-59.39716672922,0.));
#347 = DIRECTION('',(0.,0.,-1.));
#348 = DIRECTION('',(3.313649373871E-06,0.999999999995,0.));
#349 = ORIENTED_EDGE('',*,*,#350,.F.);
#350 = EDGE_CURVE('',#351,#342,#353,.T.);
#351 = VERTEX_POINT('',#352);
#352 = CARTESIAN_POINT('',(132.705549,-58.897158,0.));
#353 = LINE('',#354,#355);
#354 = CARTESIAN_POINT('',(132.705549,-58.897158,0.));
#355 = VECTOR('',#356,1.);
#356 = DIRECTION('',(1.,0.,0.));
#357 = ORIENTED_EDGE('',*,*,#358,.F.);
#358 = EDGE_CURVE('',#359,#351,#361,.T.);
#359 = VERTEX_POINT('',#360);
#360 = CARTESIAN_POINT('',(132.453291,-58.965457,0.));
#361 = CIRCLE('',#362,0.500008729288);
#362 = AXIS2_PLACEMENT_3D('',#363,#364,#365);
#363 = CARTESIAN_POINT('',(132.70555165687,-59.39716672928,0.));
#364 = DIRECTION('',(0.,0.,-1.));
#365 = DIRECTION('',(-0.504512505685,0.863404384751,0.));
#366 = ORIENTED_EDGE('',*,*,#367,.F.);
#367 = EDGE_CURVE('',#368,#359,#370,.T.);
#368 = VERTEX_POINT('',#369);
#369 = CARTESIAN_POINT('',(131.750517,-58.316878,0.));
#370 = CIRCLE('',#371,0.500000669307);
#371 = AXIS2_PLACEMENT_3D('',#372,#373,#374);
#372 = CARTESIAN_POINT('',(132.2010335355,-58.53375474043,0.));
#373 = DIRECTION('',(0.,0.,1.));
#374 = DIRECTION('',(-0.901031864884,0.433752900236,0.));
#375 = ORIENTED_EDGE('',*,*,#376,.F.);
#376 = EDGE_CURVE('',#377,#368,#379,.T.);
#377 = VERTEX_POINT('',#378);
#378 = CARTESIAN_POINT('',(131.800002,-58.100001,0.));
#379 = CIRCLE('',#380,0.499989884978);
#380 = AXIS2_PLACEMENT_3D('',#381,#382,#383);
#381 = CARTESIAN_POINT('',(131.30001211502,-58.10000192088,0.));
#382 = DIRECTION('',(0.,0.,-1.));
#383 = DIRECTION('',(0.999999999998,1.841808624623E-06,0.));
#384 = ORIENTED_EDGE('',*,*,#385,.F.);
#385 = EDGE_CURVE('',#386,#377,#388,.T.);
#386 = VERTEX_POINT('',#387);
#387 = CARTESIAN_POINT('',(131.800002,-56.694316,0.));
#388 = LINE('',#389,#390);
#389 = CARTESIAN_POINT('',(131.800002,-56.694316,0.));
#390 = VECTOR('',#391,1.);
#391 = DIRECTION('',(0.,-1.,0.));
#392 = ORIENTED_EDGE('',*,*,#393,.F.);
#393 = EDGE_CURVE('',#394,#386,#396,.T.);
#394 = VERTEX_POINT('',#395);
#395 = CARTESIAN_POINT('',(131.750517,-56.477438,0.));
#396 = CIRCLE('',#397,0.499989885034);
#397 = AXIS2_PLACEMENT_3D('',#398,#399,#400);
#398 = CARTESIAN_POINT('',(131.30001211496,-56.69431407913,0.));
#399 = DIRECTION('',(0.,0.,-1.));
#400 = DIRECTION('',(0.901027997796,0.43376093322,0.));
#401 = ORIENTED_EDGE('',*,*,#402,.F.);
#402 = EDGE_CURVE('',#403,#394,#405,.T.);
#403 = VERTEX_POINT('',#404);
#404 = CARTESIAN_POINT('',(132.45329,-55.828859,0.));
#405 = CIRCLE('',#406,0.499999729127);
#406 = AXIS2_PLACEMENT_3D('',#407,#408,#409);
#407 = CARTESIAN_POINT('',(132.20103174567,-56.26055970911,0.));
#408 = DIRECTION('',(0.,0.,1.));
#409 = DIRECTION('',(0.504516781969,0.863401885979,-0.));
#410 = ORIENTED_EDGE('',*,*,#411,.F.);
#411 = EDGE_CURVE('',#412,#403,#414,.T.);
#412 = VERTEX_POINT('',#413);
#413 = CARTESIAN_POINT('',(132.705549,-55.897159,0.));
#414 = CIRCLE('',#415,0.50002311711);
#415 = AXIS2_PLACEMENT_3D('',#416,#417,#418);
#416 = CARTESIAN_POINT('',(132.70555626378,-55.39713588294,0.));
#417 = DIRECTION('',(0.,0.,-1.));
#418 = DIRECTION('',(-1.452689340292E-05,-0.999999999894,-0.));
#419 = ORIENTED_EDGE('',*,*,#420,.F.);
#420 = EDGE_CURVE('',#421,#412,#423,.T.);
#421 = VERTEX_POINT('',#422);
#422 = CARTESIAN_POINT('',(134.294454,-55.897159,0.));
#423 = LINE('',#424,#425);
#424 = CARTESIAN_POINT('',(134.294454,-55.897159,0.));
#425 = VECTOR('',#426,1.);
#426 = DIRECTION('',(-1.,0.,0.));
#427 = ORIENTED_EDGE('',*,*,#428,.F.);
#428 = EDGE_CURVE('',#298,#421,#429,.T.);
#429 = CIRCLE('',#430,0.500008729288);
#430 = AXIS2_PLACEMENT_3D('',#431,#432,#433);
#431 = CARTESIAN_POINT('',(134.29445134312,-55.39715027071,0.));
#432 = DIRECTION('',(0.,0.,-1.));
#433 = DIRECTION('',(0.504512505685,-0.863404384751,0.));
#434 = FACE_BOUND('',#435,.F.);
#435 = EDGE_LOOP('',(#436));
#436 = ORIENTED_EDGE('',*,*,#437,.T.);
#437 = EDGE_CURVE('',#438,#438,#440,.T.);
#438 = VERTEX_POINT('',#439);
#439 = CARTESIAN_POINT('',(142.39,-81.39,0.));
#440 = CIRCLE('',#441,0.85);
#441 = AXIS2_PLACEMENT_3D('',#442,#443,#444);
#442 = CARTESIAN_POINT('',(142.39,-80.54,0.));
#443 = DIRECTION('',(-0.,0.,-1.));
#444 = DIRECTION('',(-0.,-1.,0.));
#445 = FACE_BOUND('',#446,.F.);
#446 = EDGE_LOOP('',(#447));
#447 = ORIENTED_EDGE('',*,*,#448,.T.);
#448 = EDGE_CURVE('',#449,#449,#451,.T.);
#449 = VERTEX_POINT('',#450);
#450 = CARTESIAN_POINT('',(151.42,-81.35,0.));
#451 = CIRCLE('',#452,0.85);
#452 = AXIS2_PLACEMENT_3D('',#453,#454,#455);
#453 = CARTESIAN_POINT('',(151.42,-80.5,0.));
#454 = DIRECTION('',(-0.,0.,-1.));
#455 = DIRECTION('',(-3.343730521224E-14,-1.,0.));
#456 = FACE_BOUND('',#457,.F.);
#457 = EDGE_LOOP('',(#458));
#458 = ORIENTED_EDGE('',*,*,#459,.T.);
#459 = EDGE_CURVE('',#460,#460,#462,.T.);
#460 = VERTEX_POINT('',#461);
#461 = CARTESIAN_POINT('',(152.69,-78.71,0.));
#462 = CIRCLE('',#463,0.75);
#463 = AXIS2_PLACEMENT_3D('',#464,#465,#466);
#464 = CARTESIAN_POINT('',(152.69,-77.96,0.));
#465 = DIRECTION('',(-0.,0.,-1.));
#466 = DIRECTION('',(-0.,-1.,0.));
#467 = FACE_BOUND('',#468,.F.);
#468 = EDGE_LOOP('',(#469));
#469 = ORIENTED_EDGE('',*,*,#470,.T.);
#470 = EDGE_CURVE('',#471,#471,#473,.T.);
#471 = VERTEX_POINT('',#472);
#472 = CARTESIAN_POINT('',(139.85,-76.21,0.));
#473 = CIRCLE('',#474,0.75);
#474 = AXIS2_PLACEMENT_3D('',#475,#476,#477);
#475 = CARTESIAN_POINT('',(139.85,-75.46,0.));
#476 = DIRECTION('',(-0.,0.,-1.));
#477 = DIRECTION('',(-0.,-1.,0.));
#478 = FACE_BOUND('',#479,.F.);
#479 = EDGE_LOOP('',(#480));
#480 = ORIENTED_EDGE('',*,*,#481,.T.);
#481 = EDGE_CURVE('',#482,#482,#484,.T.);
#482 = VERTEX_POINT('',#483);
#483 = CARTESIAN_POINT('',(156.5,-82.5,0.));
#484 = CIRCLE('',#485,2.);
#485 = AXIS2_PLACEMENT_3D('',#486,#487,#488);
#486 = CARTESIAN_POINT('',(156.5,-80.5,0.));
#487 = DIRECTION('',(-0.,0.,-1.));
#488 = DIRECTION('',(-0.,-1.,0.));
#489 = FACE_BOUND('',#490,.F.);
#490 = EDGE_LOOP('',(#491));
#491 = ORIENTED_EDGE('',*,*,#492,.T.);
#492 = EDGE_CURVE('',#493,#493,#495,.T.);
#493 = VERTEX_POINT('',#494);
#494 = CARTESIAN_POINT('',(161.58,-81.35,0.));
#495 = CIRCLE('',#496,0.85);
#496 = AXIS2_PLACEMENT_3D('',#497,#498,#499);
#497 = CARTESIAN_POINT('',(161.58,-80.5,0.));
#498 = DIRECTION('',(-0.,0.,-1.));
#499 = DIRECTION('',(3.343730521224E-14,-1.,-0.));
#500 = FACE_BOUND('',#501,.F.);
#501 = EDGE_LOOP('',(#502));
#502 = ORIENTED_EDGE('',*,*,#503,.T.);
#503 = EDGE_CURVE('',#504,#504,#506,.T.);
#504 = VERTEX_POINT('',#505);
#505 = CARTESIAN_POINT('',(159.04,-76.17,0.));
#506 = CIRCLE('',#507,0.75);
#507 = AXIS2_PLACEMENT_3D('',#508,#509,#510);
#508 = CARTESIAN_POINT('',(159.04,-75.42,0.));
#509 = DIRECTION('',(-0.,0.,-1.));
#510 = DIRECTION('',(-0.,-1.,0.));
#511 = FACE_BOUND('',#512,.F.);
#512 = EDGE_LOOP('',(#513));
#513 = ORIENTED_EDGE('',*,*,#514,.T.);
#514 = EDGE_CURVE('',#515,#515,#517,.T.);
#515 = VERTEX_POINT('',#516);
#516 = CARTESIAN_POINT('',(153.88,-65.75,0.));
#517 = CIRCLE('',#518,0.5);
#518 = AXIS2_PLACEMENT_3D('',#519,#520,#521);
#519 = CARTESIAN_POINT('',(153.88,-65.25,0.));
#520 = DIRECTION('',(-0.,0.,-1.));
#521 = DIRECTION('',(-0.,-1.,0.));
#522 = FACE_BOUND('',#523,.F.);
#523 = EDGE_LOOP('',(#524,#535,#544,#552,#561,#570,#579,#587,#596,#605,
    #614,#622,#631,#640,#649,#657));
#524 = ORIENTED_EDGE('',*,*,#525,.F.);
#525 = EDGE_CURVE('',#526,#528,#530,.T.);
#526 = VERTEX_POINT('',#527);
#527 = CARTESIAN_POINT('',(143.353289,-55.828859,0.));
#528 = VERTEX_POINT('',#529);
#529 = CARTESIAN_POINT('',(142.650516,-56.477438,0.));
#530 = CIRCLE('',#531,0.499999729127);
#531 = AXIS2_PLACEMENT_3D('',#532,#533,#534);
#532 = CARTESIAN_POINT('',(143.10103074567,-56.26055970911,0.));
#533 = DIRECTION('',(0.,0.,1.));
#534 = DIRECTION('',(0.504516781968,0.863401885979,-0.));
#535 = ORIENTED_EDGE('',*,*,#536,.F.);
#536 = EDGE_CURVE('',#537,#526,#539,.T.);
#537 = VERTEX_POINT('',#538);
#538 = CARTESIAN_POINT('',(143.605548,-55.897159,0.));
#539 = CIRCLE('',#540,0.50002311711);
#540 = AXIS2_PLACEMENT_3D('',#541,#542,#543);
#541 = CARTESIAN_POINT('',(143.60555526378,-55.39713588294,0.));
#542 = DIRECTION('',(0.,0.,-1.));
#543 = DIRECTION('',(-1.452689328924E-05,-0.999999999894,-0.));
#544 = ORIENTED_EDGE('',*,*,#545,.F.);
#545 = EDGE_CURVE('',#546,#537,#548,.T.);
#546 = VERTEX_POINT('',#547);
#547 = CARTESIAN_POINT('',(145.194453,-55.897159,0.));
#548 = LINE('',#549,#550);
#549 = CARTESIAN_POINT('',(145.194453,-55.897159,0.));
#550 = VECTOR('',#551,1.);
#551 = DIRECTION('',(-1.,0.,0.));
#552 = ORIENTED_EDGE('',*,*,#553,.F.);
#553 = EDGE_CURVE('',#554,#546,#556,.T.);
#554 = VERTEX_POINT('',#555);
#555 = CARTESIAN_POINT('',(145.446711,-55.82886,0.));
#556 = CIRCLE('',#557,0.500008729288);
#557 = AXIS2_PLACEMENT_3D('',#558,#559,#560);
#558 = CARTESIAN_POINT('',(145.19445034312,-55.39715027071,0.));
#559 = DIRECTION('',(0.,0.,-1.));
#560 = DIRECTION('',(0.504512505685,-0.863404384751,0.));
#561 = ORIENTED_EDGE('',*,*,#562,.F.);
#562 = EDGE_CURVE('',#563,#554,#565,.T.);
#563 = VERTEX_POINT('',#564);
#564 = CARTESIAN_POINT('',(146.149484,-56.477438,0.));
#565 = CIRCLE('',#566,0.499999422661);
#566 = AXIS2_PLACEMENT_3D('',#567,#568,#569);
#567 = CARTESIAN_POINT('',(145.69896929551,-56.26056033009,0.));
#568 = DIRECTION('',(0.,0.,1.));
#569 = DIRECTION('',(0.901030449374,-0.433755840654,0.));
#570 = ORIENTED_EDGE('',*,*,#571,.F.);
#571 = EDGE_CURVE('',#572,#563,#574,.T.);
#572 = VERTEX_POINT('',#573);
#573 = CARTESIAN_POINT('',(146.099999,-56.694316,0.));
#574 = CIRCLE('',#575,0.499989885034);
#575 = AXIS2_PLACEMENT_3D('',#576,#577,#578);
#576 = CARTESIAN_POINT('',(146.59998888503,-56.69431407913,0.));
#577 = DIRECTION('',(0.,0.,-1.));
#578 = DIRECTION('',(-0.999999999993,-3.841811406308E-06,-0.));
#579 = ORIENTED_EDGE('',*,*,#580,.F.);
#580 = EDGE_CURVE('',#581,#572,#583,.T.);
#581 = VERTEX_POINT('',#582);
#582 = CARTESIAN_POINT('',(146.099999,-58.1,0.));
#583 = LINE('',#584,#585);
#584 = CARTESIAN_POINT('',(146.099999,-58.1,0.));
#585 = VECTOR('',#586,1.);
#586 = DIRECTION('',(0.,1.,0.));
#587 = ORIENTED_EDGE('',*,*,#588,.F.);
#588 = EDGE_CURVE('',#589,#581,#591,.T.);
#589 = VERTEX_POINT('',#590);
#590 = CARTESIAN_POINT('',(146.149484,-58.316877,0.));
#591 = CIRCLE('',#592,0.49998122973);
#592 = AXIS2_PLACEMENT_3D('',#593,#594,#595);
#593 = CARTESIAN_POINT('',(146.59998022972,-58.10000289576,0.));
#594 = DIRECTION('',(0.,0.,-1.));
#595 = DIRECTION('',(-0.901026284457,-0.433764492229,-0.));
#596 = ORIENTED_EDGE('',*,*,#597,.F.);
#597 = EDGE_CURVE('',#598,#589,#600,.T.);
#598 = VERTEX_POINT('',#599);
#599 = CARTESIAN_POINT('',(145.446711,-58.965457,0.));
#600 = CIRCLE('',#601,0.499999755443);
#601 = AXIS2_PLACEMENT_3D('',#602,#603,#604);
#602 = CARTESIAN_POINT('',(145.69896986309,-58.53375661613,0.));
#603 = DIRECTION('',(0.,0.,1.));
#604 = DIRECTION('',(-0.504517972959,-0.863401190039,0.));
#605 = ORIENTED_EDGE('',*,*,#606,.F.);
#606 = EDGE_CURVE('',#607,#598,#609,.T.);
#607 = VERTEX_POINT('',#608);
#608 = CARTESIAN_POINT('',(145.194452,-58.897158,0.));
#609 = CIRCLE('',#610,0.500008729226);
#610 = AXIS2_PLACEMENT_3D('',#611,#612,#613);
#611 = CARTESIAN_POINT('',(145.19445034314,-59.39716672922,0.));
#612 = DIRECTION('',(0.,0.,-1.));
#613 = DIRECTION('',(3.313649373871E-06,0.999999999995,0.));
#614 = ORIENTED_EDGE('',*,*,#615,.F.);
#615 = EDGE_CURVE('',#616,#607,#618,.T.);
#616 = VERTEX_POINT('',#617);
#617 = CARTESIAN_POINT('',(143.605548,-58.897158,0.));
#618 = LINE('',#619,#620);
#619 = CARTESIAN_POINT('',(143.605548,-58.897158,0.));
#620 = VECTOR('',#621,1.);
#621 = DIRECTION('',(1.,0.,0.));
#622 = ORIENTED_EDGE('',*,*,#623,.F.);
#623 = EDGE_CURVE('',#624,#616,#626,.T.);
#624 = VERTEX_POINT('',#625);
#625 = CARTESIAN_POINT('',(143.353289,-58.965455,0.));
#626 = CIRCLE('',#627,0.500040834725);
#627 = AXIS2_PLACEMENT_3D('',#628,#629,#630);
#628 = CARTESIAN_POINT('',(143.60555492637,-59.39719883467,0.));
#629 = DIRECTION('',(0.,0.,-1.));
#630 = DIRECTION('',(-0.50449065128,0.86341715455,0.));
#631 = ORIENTED_EDGE('',*,*,#632,.F.);
#632 = EDGE_CURVE('',#633,#624,#635,.T.);
#633 = VERTEX_POINT('',#634);
#634 = CARTESIAN_POINT('',(142.650516,-58.316878,0.));
#635 = CIRCLE('',#636,0.499999092786);
#636 = AXIS2_PLACEMENT_3D('',#637,#638,#639);
#637 = CARTESIAN_POINT('',(143.10103060898,-58.53375510777,0.));
#638 = DIRECTION('',(0.,0.,1.));
#639 = DIRECTION('',(-0.901030852831,0.43375500256,0.));
#640 = ORIENTED_EDGE('',*,*,#641,.F.);
#641 = EDGE_CURVE('',#642,#633,#644,.T.);
#642 = VERTEX_POINT('',#643);
#643 = CARTESIAN_POINT('',(142.700001,-58.1,0.));
#644 = CIRCLE('',#645,0.499989885034);
#645 = AXIS2_PLACEMENT_3D('',#646,#647,#648);
#646 = CARTESIAN_POINT('',(142.20001111497,-58.10000192086,0.));
#647 = DIRECTION('',(0.,0.,-1.));
#648 = DIRECTION('',(0.999999999993,3.841811775802E-06,0.));
#649 = ORIENTED_EDGE('',*,*,#650,.F.);
#650 = EDGE_CURVE('',#651,#642,#653,.T.);
#651 = VERTEX_POINT('',#652);
#652 = CARTESIAN_POINT('',(142.700001,-56.694316,0.));
#653 = LINE('',#654,#655);
#654 = CARTESIAN_POINT('',(142.700001,-56.694316,0.));
#655 = VECTOR('',#656,1.);
#656 = DIRECTION('',(0.,-1.,0.));
#657 = ORIENTED_EDGE('',*,*,#658,.F.);
#658 = EDGE_CURVE('',#528,#651,#659,.T.);
#659 = CIRCLE('',#660,0.499989885034);
#660 = AXIS2_PLACEMENT_3D('',#661,#662,#663);
#661 = CARTESIAN_POINT('',(142.20001111497,-56.69431407913,0.));
#662 = DIRECTION('',(0.,0.,-1.));
#663 = DIRECTION('',(0.901027997796,0.43376093322,0.));
#664 = FACE_BOUND('',#665,.F.);
#665 = EDGE_LOOP('',(#666));
#666 = ORIENTED_EDGE('',*,*,#667,.T.);
#667 = EDGE_CURVE('',#668,#668,#670,.T.);
#668 = VERTEX_POINT('',#669);
#669 = CARTESIAN_POINT('',(156.42,-65.75,0.));
#670 = CIRCLE('',#671,0.5);
#671 = AXIS2_PLACEMENT_3D('',#672,#673,#674);
#672 = CARTESIAN_POINT('',(156.42,-65.25,0.));
#673 = DIRECTION('',(-0.,0.,-1.));
#674 = DIRECTION('',(-0.,-1.,0.));
#675 = FACE_BOUND('',#676,.F.);
#676 = EDGE_LOOP('',(#677));
#677 = ORIENTED_EDGE('',*,*,#678,.T.);
#678 = EDGE_CURVE('',#679,#679,#681,.T.);
#679 = VERTEX_POINT('',#680);
#680 = CARTESIAN_POINT('',(158.96,-65.75,0.));
#681 = CIRCLE('',#682,0.5);
#682 = AXIS2_PLACEMENT_3D('',#683,#684,#685);
#683 = CARTESIAN_POINT('',(158.96,-65.25,0.));
#684 = DIRECTION('',(-0.,0.,-1.));
#685 = DIRECTION('',(-0.,-1.,0.));
#686 = FACE_BOUND('',#687,.F.);
#687 = EDGE_LOOP('',(#688));
#688 = ORIENTED_EDGE('',*,*,#689,.T.);
#689 = EDGE_CURVE('',#690,#690,#692,.T.);
#690 = VERTEX_POINT('',#691);
#691 = CARTESIAN_POINT('',(161.5,-65.75,0.));
#692 = CIRCLE('',#693,0.5);
#693 = AXIS2_PLACEMENT_3D('',#694,#695,#696);
#694 = CARTESIAN_POINT('',(161.5,-65.25,0.));
#695 = DIRECTION('',(-0.,0.,-1.));
#696 = DIRECTION('',(-0.,-1.,0.));
#697 = FACE_BOUND('',#698,.F.);
#698 = EDGE_LOOP('',(#699));
#699 = ORIENTED_EDGE('',*,*,#700,.T.);
#700 = EDGE_CURVE('',#701,#701,#703,.T.);
#701 = VERTEX_POINT('',#702);
#702 = CARTESIAN_POINT('',(164.04,-65.75,0.));
#703 = CIRCLE('',#704,0.5);
#704 = AXIS2_PLACEMENT_3D('',#705,#706,#707);
#705 = CARTESIAN_POINT('',(164.04,-65.25,0.));
#706 = DIRECTION('',(-0.,0.,-1.));
#707 = DIRECTION('',(-0.,-1.,0.));
#708 = FACE_BOUND('',#709,.F.);
#709 = EDGE_LOOP('',(#710));
#710 = ORIENTED_EDGE('',*,*,#711,.T.);
#711 = EDGE_CURVE('',#712,#712,#714,.T.);
#712 = VERTEX_POINT('',#713);
#713 = CARTESIAN_POINT('',(166.58,-65.75,0.));
#714 = CIRCLE('',#715,0.5);
#715 = AXIS2_PLACEMENT_3D('',#716,#717,#718);
#716 = CARTESIAN_POINT('',(166.58,-65.25,0.));
#717 = DIRECTION('',(-0.,0.,-1.));
#718 = DIRECTION('',(-0.,-1.,0.));
#719 = FACE_BOUND('',#720,.F.);
#720 = EDGE_LOOP('',(#721));
#721 = ORIENTED_EDGE('',*,*,#722,.T.);
#722 = EDGE_CURVE('',#723,#723,#725,.T.);
#723 = VERTEX_POINT('',#724);
#724 = CARTESIAN_POINT('',(169.12,-65.75,0.));
#725 = CIRCLE('',#726,0.5);
#726 = AXIS2_PLACEMENT_3D('',#727,#728,#729);
#727 = CARTESIAN_POINT('',(169.12,-65.25,0.));
#728 = DIRECTION('',(-0.,0.,-1.));
#729 = DIRECTION('',(-0.,-1.,0.));
#730 = FACE_BOUND('',#731,.F.);
#731 = EDGE_LOOP('',(#732));
#732 = ORIENTED_EDGE('',*,*,#733,.T.);
#733 = EDGE_CURVE('',#734,#734,#736,.T.);
#734 = VERTEX_POINT('',#735);
#735 = CARTESIAN_POINT('',(110.,-39.31,0.));
#736 = CIRCLE('',#737,0.5);
#737 = AXIS2_PLACEMENT_3D('',#738,#739,#740);
#738 = CARTESIAN_POINT('',(110.,-38.81,0.));
#739 = DIRECTION('',(-0.,0.,-1.));
#740 = DIRECTION('',(-0.,-1.,0.));
#741 = FACE_BOUND('',#742,.F.);
#742 = EDGE_LOOP('',(#743));
#743 = ORIENTED_EDGE('',*,*,#744,.T.);
#744 = EDGE_CURVE('',#745,#745,#747,.T.);
#745 = VERTEX_POINT('',#746);
#746 = CARTESIAN_POINT('',(110.,-36.77,0.));
#747 = CIRCLE('',#748,0.5);
#748 = AXIS2_PLACEMENT_3D('',#749,#750,#751);
#749 = CARTESIAN_POINT('',(110.,-36.27,0.));
#750 = DIRECTION('',(-0.,0.,-1.));
#751 = DIRECTION('',(-0.,-1.,0.));
#752 = FACE_BOUND('',#753,.F.);
#753 = EDGE_LOOP('',(#754));
#754 = ORIENTED_EDGE('',*,*,#755,.T.);
#755 = EDGE_CURVE('',#756,#756,#758,.T.);
#756 = VERTEX_POINT('',#757);
#757 = CARTESIAN_POINT('',(110.,-34.23,0.));
#758 = CIRCLE('',#759,0.5);
#759 = AXIS2_PLACEMENT_3D('',#760,#761,#762);
#760 = CARTESIAN_POINT('',(110.,-33.73,0.));
#761 = DIRECTION('',(-0.,0.,-1.));
#762 = DIRECTION('',(-0.,-1.,0.));
#763 = FACE_BOUND('',#764,.F.);
#764 = EDGE_LOOP('',(#765));
#765 = ORIENTED_EDGE('',*,*,#766,.T.);
#766 = EDGE_CURVE('',#767,#767,#769,.T.);
#767 = VERTEX_POINT('',#768);
#768 = CARTESIAN_POINT('',(110.,-31.69,0.));
#769 = CIRCLE('',#770,0.5);
#770 = AXIS2_PLACEMENT_3D('',#771,#772,#773);
#771 = CARTESIAN_POINT('',(110.,-31.19,0.));
#772 = DIRECTION('',(-0.,0.,-1.));
#773 = DIRECTION('',(-0.,-1.,0.));
#774 = FACE_BOUND('',#775,.F.);
#775 = EDGE_LOOP('',(#776));
#776 = ORIENTED_EDGE('',*,*,#777,.T.);
#777 = EDGE_CURVE('',#778,#778,#780,.T.);
#778 = VERTEX_POINT('',#779);
#779 = CARTESIAN_POINT('',(153.88,-50.5,0.));
#780 = CIRCLE('',#781,0.5);
#781 = AXIS2_PLACEMENT_3D('',#782,#783,#784);
#782 = CARTESIAN_POINT('',(153.88,-50.,0.));
#783 = DIRECTION('',(-0.,0.,-1.));
#784 = DIRECTION('',(-0.,-1.,0.));
#785 = FACE_BOUND('',#786,.F.);
#786 = EDGE_LOOP('',(#787));
#787 = ORIENTED_EDGE('',*,*,#788,.T.);
#788 = EDGE_CURVE('',#789,#789,#791,.T.);
#789 = VERTEX_POINT('',#790);
#790 = CARTESIAN_POINT('',(156.42,-50.5,0.));
#791 = CIRCLE('',#792,0.5);
#792 = AXIS2_PLACEMENT_3D('',#793,#794,#795);
#793 = CARTESIAN_POINT('',(156.42,-50.,0.));
#794 = DIRECTION('',(-0.,0.,-1.));
#795 = DIRECTION('',(-0.,-1.,0.));
#796 = FACE_BOUND('',#797,.F.);
#797 = EDGE_LOOP('',(#798));
#798 = ORIENTED_EDGE('',*,*,#799,.T.);
#799 = EDGE_CURVE('',#800,#800,#802,.T.);
#800 = VERTEX_POINT('',#801);
#801 = CARTESIAN_POINT('',(158.96,-50.5,0.));
#802 = CIRCLE('',#803,0.5);
#803 = AXIS2_PLACEMENT_3D('',#804,#805,#806);
#804 = CARTESIAN_POINT('',(158.96,-50.,0.));
#805 = DIRECTION('',(-0.,0.,-1.));
#806 = DIRECTION('',(-0.,-1.,0.));
#807 = FACE_BOUND('',#808,.F.);
#808 = EDGE_LOOP('',(#809));
#809 = ORIENTED_EDGE('',*,*,#810,.T.);
#810 = EDGE_CURVE('',#811,#811,#813,.T.);
#811 = VERTEX_POINT('',#812);
#812 = CARTESIAN_POINT('',(161.5,-50.5,0.));
#813 = CIRCLE('',#814,0.5);
#814 = AXIS2_PLACEMENT_3D('',#815,#816,#817);
#815 = CARTESIAN_POINT('',(161.5,-50.,0.));
#816 = DIRECTION('',(-0.,0.,-1.));
#817 = DIRECTION('',(-0.,-1.,0.));
#818 = FACE_BOUND('',#819,.F.);
#819 = EDGE_LOOP('',(#820));
#820 = ORIENTED_EDGE('',*,*,#821,.T.);
#821 = EDGE_CURVE('',#822,#822,#824,.T.);
#822 = VERTEX_POINT('',#823);
#823 = CARTESIAN_POINT('',(164.04,-50.5,0.));
#824 = CIRCLE('',#825,0.5);
#825 = AXIS2_PLACEMENT_3D('',#826,#827,#828);
#826 = CARTESIAN_POINT('',(164.04,-50.,0.));
#827 = DIRECTION('',(-0.,0.,-1.));
#828 = DIRECTION('',(-0.,-1.,0.));
#829 = FACE_BOUND('',#830,.F.);
#830 = EDGE_LOOP('',(#831));
#831 = ORIENTED_EDGE('',*,*,#832,.T.);
#832 = EDGE_CURVE('',#833,#833,#835,.T.);
#833 = VERTEX_POINT('',#834);
#834 = CARTESIAN_POINT('',(166.58,-50.5,0.));
#835 = CIRCLE('',#836,0.5);
#836 = AXIS2_PLACEMENT_3D('',#837,#838,#839);
#837 = CARTESIAN_POINT('',(166.58,-50.,0.));
#838 = DIRECTION('',(-0.,0.,-1.));
#839 = DIRECTION('',(-0.,-1.,0.));
#840 = FACE_BOUND('',#841,.F.);
#841 = EDGE_LOOP('',(#842));
#842 = ORIENTED_EDGE('',*,*,#843,.T.);
#843 = EDGE_CURVE('',#844,#844,#846,.T.);
#844 = VERTEX_POINT('',#845);
#845 = CARTESIAN_POINT('',(169.12,-50.5,0.));
#846 = CIRCLE('',#847,0.5);
#847 = AXIS2_PLACEMENT_3D('',#848,#849,#850);
#848 = CARTESIAN_POINT('',(169.12,-50.,0.));
#849 = DIRECTION('',(-0.,0.,-1.));
#850 = DIRECTION('',(-0.,-1.,0.));
#851 = FACE_BOUND('',#852,.F.);
#852 = EDGE_LOOP('',(#853));
#853 = ORIENTED_EDGE('',*,*,#854,.T.);
#854 = EDGE_CURVE('',#855,#855,#857,.T.);
#855 = VERTEX_POINT('',#856);
#856 = CARTESIAN_POINT('',(153.75,-38.,0.));
#857 = CIRCLE('',#858,0.5);
#858 = AXIS2_PLACEMENT_3D('',#859,#860,#861);
#859 = CARTESIAN_POINT('',(153.75,-37.5,0.));
#860 = DIRECTION('',(-0.,0.,-1.));
#861 = DIRECTION('',(-0.,-1.,0.));
#862 = FACE_BOUND('',#863,.F.);
#863 = EDGE_LOOP('',(#864));
#864 = ORIENTED_EDGE('',*,*,#865,.T.);
#865 = EDGE_CURVE('',#866,#866,#868,.T.);
#866 = VERTEX_POINT('',#867);
#867 = CARTESIAN_POINT('',(153.75,-35.5,0.));
#868 = CIRCLE('',#869,0.5);
#869 = AXIS2_PLACEMENT_3D('',#870,#871,#872);
#870 = CARTESIAN_POINT('',(153.75,-35.,0.));
#871 = DIRECTION('',(-0.,0.,-1.));
#872 = DIRECTION('',(-0.,-1.,0.));
#873 = FACE_BOUND('',#874,.F.);
#874 = EDGE_LOOP('',(#875));
#875 = ORIENTED_EDGE('',*,*,#876,.T.);
#876 = EDGE_CURVE('',#877,#877,#879,.T.);
#877 = VERTEX_POINT('',#878);
#878 = CARTESIAN_POINT('',(153.75,-33.,0.));
#879 = CIRCLE('',#880,0.5);
#880 = AXIS2_PLACEMENT_3D('',#881,#882,#883);
#881 = CARTESIAN_POINT('',(153.75,-32.5,0.));
#882 = DIRECTION('',(-0.,0.,-1.));
#883 = DIRECTION('',(-0.,-1.,0.));
#884 = FACE_BOUND('',#885,.F.);
#885 = EDGE_LOOP('',(#886));
#886 = ORIENTED_EDGE('',*,*,#887,.T.);
#887 = EDGE_CURVE('',#888,#888,#890,.T.);
#888 = VERTEX_POINT('',#889);
#889 = CARTESIAN_POINT('',(161.25,-41.9,0.));
#890 = CIRCLE('',#891,1.3);
#891 = AXIS2_PLACEMENT_3D('',#892,#893,#894);
#892 = CARTESIAN_POINT('',(161.25,-40.6,0.));
#893 = DIRECTION('',(-0.,0.,-1.));
#894 = DIRECTION('',(-0.,-1.,0.));
#895 = FACE_BOUND('',#896,.F.);
#896 = EDGE_LOOP('',(#897));
#897 = ORIENTED_EDGE('',*,*,#898,.T.);
#898 = EDGE_CURVE('',#899,#899,#901,.T.);
#899 = VERTEX_POINT('',#900);
#900 = CARTESIAN_POINT('',(168.25,-38.,0.));
#901 = CIRCLE('',#902,0.5);
#902 = AXIS2_PLACEMENT_3D('',#903,#904,#905);
#903 = CARTESIAN_POINT('',(168.25,-37.5,0.));
#904 = DIRECTION('',(-0.,0.,-1.));
#905 = DIRECTION('',(-0.,-1.,0.));
#906 = FACE_BOUND('',#907,.F.);
#907 = EDGE_LOOP('',(#908));
#908 = ORIENTED_EDGE('',*,*,#909,.T.);
#909 = EDGE_CURVE('',#910,#910,#912,.T.);
#910 = VERTEX_POINT('',#911);
#911 = CARTESIAN_POINT('',(161.25,-30.7,0.));
#912 = CIRCLE('',#913,1.3);
#913 = AXIS2_PLACEMENT_3D('',#914,#915,#916);
#914 = CARTESIAN_POINT('',(161.25,-29.4,0.));
#915 = DIRECTION('',(-0.,0.,-1.));
#916 = DIRECTION('',(-0.,-1.,0.));
#917 = FACE_BOUND('',#918,.F.);
#918 = EDGE_LOOP('',(#919));
#919 = ORIENTED_EDGE('',*,*,#920,.T.);
#920 = EDGE_CURVE('',#921,#921,#923,.T.);
#921 = VERTEX_POINT('',#922);
#922 = CARTESIAN_POINT('',(168.25,-33.,0.));
#923 = CIRCLE('',#924,0.5);
#924 = AXIS2_PLACEMENT_3D('',#925,#926,#927);
#925 = CARTESIAN_POINT('',(168.25,-32.5,0.));
#926 = DIRECTION('',(-0.,0.,-1.));
#927 = DIRECTION('',(-0.,-1.,0.));
#928 = PLANE('',#929);
#929 = AXIS2_PLACEMENT_3D('',#930,#931,#932);
#930 = CARTESIAN_POINT('',(0.,0.,0.));
#931 = DIRECTION('',(0.,0.,1.));
#932 = DIRECTION('',(1.,0.,-0.));
#933 = ADVANCED_FACE('',(#934,#945,#956,#967,#978,#989,#1000,#1011,#1022
    ,#1033,#1044,#1055,#1066,#1077,#1088,#1230,#1241,#1252,#1263,#1274,
    #1285,#1296,#1307,#1318,#1460,#1471,#1482,#1493,#1504,#1515,#1526,
    #1537,#1548,#1559,#1570,#1581,#1592,#1603,#1614,#1625,#1636,#1647,
    #1658,#1669,#1680,#1691,#1702,#1713),#1724,.T.);
#934 = FACE_BOUND('',#935,.T.);
#935 = EDGE_LOOP('',(#936,#937,#938,#944));
#936 = ORIENTED_EDGE('',*,*,#49,.F.);
#937 = ORIENTED_EDGE('',*,*,#89,.F.);
#938 = ORIENTED_EDGE('',*,*,#939,.F.);
#939 = EDGE_CURVE('',#112,#82,#940,.T.);
#940 = LINE('',#941,#942);
#941 = CARTESIAN_POINT('',(104.,-26.5,1.51));
#942 = VECTOR('',#943,1.);
#943 = DIRECTION('',(1.,0.,0.));
#944 = ORIENTED_EDGE('',*,*,#111,.F.);
#945 = FACE_BOUND('',#946,.T.);
#946 = EDGE_LOOP('',(#947));
#947 = ORIENTED_EDGE('',*,*,#948,.T.);
#948 = EDGE_CURVE('',#949,#949,#951,.T.);
#949 = VERTEX_POINT('',#950);
#950 = CARTESIAN_POINT('',(112.84,-81.35,1.51));
#951 = CIRCLE('',#952,0.85);
#952 = AXIS2_PLACEMENT_3D('',#953,#954,#955);
#953 = CARTESIAN_POINT('',(112.84,-80.5,1.51));
#954 = DIRECTION('',(-0.,0.,-1.));
#955 = DIRECTION('',(-0.,-1.,0.));
#956 = FACE_BOUND('',#957,.T.);
#957 = EDGE_LOOP('',(#958));
#958 = ORIENTED_EDGE('',*,*,#959,.T.);
#959 = EDGE_CURVE('',#960,#960,#962,.T.);
#960 = VERTEX_POINT('',#961);
#961 = CARTESIAN_POINT('',(114.11,-78.71,1.51));
#962 = CIRCLE('',#963,0.75);
#963 = AXIS2_PLACEMENT_3D('',#964,#965,#966);
#964 = CARTESIAN_POINT('',(114.11,-77.96,1.51));
#965 = DIRECTION('',(-0.,0.,-1.));
#966 = DIRECTION('',(-0.,-1.,0.));
#967 = FACE_BOUND('',#968,.T.);
#968 = EDGE_LOOP('',(#969));
#969 = ORIENTED_EDGE('',*,*,#970,.T.);
#970 = EDGE_CURVE('',#971,#971,#973,.T.);
#971 = VERTEX_POINT('',#972);
#972 = CARTESIAN_POINT('',(117.92,-82.5,1.51));
#973 = CIRCLE('',#974,2.);
#974 = AXIS2_PLACEMENT_3D('',#975,#976,#977);
#975 = CARTESIAN_POINT('',(117.92,-80.5,1.51));
#976 = DIRECTION('',(-0.,0.,-1.));
#977 = DIRECTION('',(-0.,-1.,0.));
#978 = FACE_BOUND('',#979,.T.);
#979 = EDGE_LOOP('',(#980));
#980 = ORIENTED_EDGE('',*,*,#981,.T.);
#981 = EDGE_CURVE('',#982,#982,#984,.T.);
#982 = VERTEX_POINT('',#983);
#983 = CARTESIAN_POINT('',(123.,-81.35,1.51));
#984 = CIRCLE('',#985,0.85);
#985 = AXIS2_PLACEMENT_3D('',#986,#987,#988);
#986 = CARTESIAN_POINT('',(123.,-80.5,1.51));
#987 = DIRECTION('',(-0.,0.,-1.));
#988 = DIRECTION('',(-0.,-1.,0.));
#989 = FACE_BOUND('',#990,.T.);
#990 = EDGE_LOOP('',(#991));
#991 = ORIENTED_EDGE('',*,*,#992,.T.);
#992 = EDGE_CURVE('',#993,#993,#995,.T.);
#993 = VERTEX_POINT('',#994);
#994 = CARTESIAN_POINT('',(120.46,-76.17,1.51));
#995 = CIRCLE('',#996,0.75);
#996 = AXIS2_PLACEMENT_3D('',#997,#998,#999);
#997 = CARTESIAN_POINT('',(120.46,-75.42,1.51));
#998 = DIRECTION('',(-0.,0.,-1.));
#999 = DIRECTION('',(-0.,-1.,0.));
#1000 = FACE_BOUND('',#1001,.T.);
#1001 = EDGE_LOOP('',(#1002));
#1002 = ORIENTED_EDGE('',*,*,#1003,.T.);
#1003 = EDGE_CURVE('',#1004,#1004,#1006,.T.);
#1004 = VERTEX_POINT('',#1005);
#1005 = CARTESIAN_POINT('',(132.23,-81.39,1.51));
#1006 = CIRCLE('',#1007,0.85);
#1007 = AXIS2_PLACEMENT_3D('',#1008,#1009,#1010);
#1008 = CARTESIAN_POINT('',(132.23,-80.54,1.51));
#1009 = DIRECTION('',(-0.,0.,-1.));
#1010 = DIRECTION('',(-3.343730521224E-14,-1.,0.));
#1011 = FACE_BOUND('',#1012,.T.);
#1012 = EDGE_LOOP('',(#1013));
#1013 = ORIENTED_EDGE('',*,*,#1014,.T.);
#1014 = EDGE_CURVE('',#1015,#1015,#1017,.T.);
#1015 = VERTEX_POINT('',#1016);
#1016 = CARTESIAN_POINT('',(137.31,-82.54,1.51));
#1017 = CIRCLE('',#1018,2.);
#1018 = AXIS2_PLACEMENT_3D('',#1019,#1020,#1021);
#1019 = CARTESIAN_POINT('',(137.31,-80.54,1.51));
#1020 = DIRECTION('',(-0.,0.,-1.));
#1021 = DIRECTION('',(-0.,-1.,0.));
#1022 = FACE_BOUND('',#1023,.T.);
#1023 = EDGE_LOOP('',(#1024));
#1024 = ORIENTED_EDGE('',*,*,#1025,.T.);
#1025 = EDGE_CURVE('',#1026,#1026,#1028,.T.);
#1026 = VERTEX_POINT('',#1027);
#1027 = CARTESIAN_POINT('',(133.5,-78.75,1.51));
#1028 = CIRCLE('',#1029,0.75);
#1029 = AXIS2_PLACEMENT_3D('',#1030,#1031,#1032);
#1030 = CARTESIAN_POINT('',(133.5,-78.,1.51));
#1031 = DIRECTION('',(-0.,0.,-1.));
#1032 = DIRECTION('',(-0.,-1.,0.));
#1033 = FACE_BOUND('',#1034,.T.);
#1034 = EDGE_LOOP('',(#1035));
#1035 = ORIENTED_EDGE('',*,*,#1036,.T.);
#1036 = EDGE_CURVE('',#1037,#1037,#1039,.T.);
#1037 = VERTEX_POINT('',#1038);
#1038 = CARTESIAN_POINT('',(112.84,-62.35,1.51));
#1039 = CIRCLE('',#1040,0.85);
#1040 = AXIS2_PLACEMENT_3D('',#1041,#1042,#1043);
#1041 = CARTESIAN_POINT('',(112.84,-61.5,1.51));
#1042 = DIRECTION('',(-0.,0.,-1.));
#1043 = DIRECTION('',(-0.,-1.,0.));
#1044 = FACE_BOUND('',#1045,.T.);
#1045 = EDGE_LOOP('',(#1046));
#1046 = ORIENTED_EDGE('',*,*,#1047,.T.);
#1047 = EDGE_CURVE('',#1048,#1048,#1050,.T.);
#1048 = VERTEX_POINT('',#1049);
#1049 = CARTESIAN_POINT('',(114.11,-59.71,1.51));
#1050 = CIRCLE('',#1051,0.75);
#1051 = AXIS2_PLACEMENT_3D('',#1052,#1053,#1054);
#1052 = CARTESIAN_POINT('',(114.11,-58.96,1.51));
#1053 = DIRECTION('',(-0.,0.,-1.));
#1054 = DIRECTION('',(-0.,-1.,0.));
#1055 = FACE_BOUND('',#1056,.T.);
#1056 = EDGE_LOOP('',(#1057));
#1057 = ORIENTED_EDGE('',*,*,#1058,.T.);
#1058 = EDGE_CURVE('',#1059,#1059,#1061,.T.);
#1059 = VERTEX_POINT('',#1060);
#1060 = CARTESIAN_POINT('',(117.92,-63.5,1.51));
#1061 = CIRCLE('',#1062,2.);
#1062 = AXIS2_PLACEMENT_3D('',#1063,#1064,#1065);
#1063 = CARTESIAN_POINT('',(117.92,-61.5,1.51));
#1064 = DIRECTION('',(-0.,0.,-1.));
#1065 = DIRECTION('',(-0.,-1.,0.));
#1066 = FACE_BOUND('',#1067,.T.);
#1067 = EDGE_LOOP('',(#1068));
#1068 = ORIENTED_EDGE('',*,*,#1069,.T.);
#1069 = EDGE_CURVE('',#1070,#1070,#1072,.T.);
#1070 = VERTEX_POINT('',#1071);
#1071 = CARTESIAN_POINT('',(123.,-62.35,1.51));
#1072 = CIRCLE('',#1073,0.85);
#1073 = AXIS2_PLACEMENT_3D('',#1074,#1075,#1076);
#1074 = CARTESIAN_POINT('',(123.,-61.5,1.51));
#1075 = DIRECTION('',(-0.,0.,-1.));
#1076 = DIRECTION('',(-0.,-1.,0.));
#1077 = FACE_BOUND('',#1078,.T.);
#1078 = EDGE_LOOP('',(#1079));
#1079 = ORIENTED_EDGE('',*,*,#1080,.T.);
#1080 = EDGE_CURVE('',#1081,#1081,#1083,.T.);
#1081 = VERTEX_POINT('',#1082);
#1082 = CARTESIAN_POINT('',(120.46,-57.17,1.51));
#1083 = CIRCLE('',#1084,0.75);
#1084 = AXIS2_PLACEMENT_3D('',#1085,#1086,#1087);
#1085 = CARTESIAN_POINT('',(120.46,-56.42,1.51));
#1086 = DIRECTION('',(-0.,0.,-1.));
#1087 = DIRECTION('',(-0.,-1.,0.));
#1088 = FACE_BOUND('',#1089,.T.);
#1089 = EDGE_LOOP('',(#1090,#1101,#1110,#1118,#1127,#1136,#1145,#1153,
    #1162,#1171,#1180,#1188,#1197,#1206,#1215,#1223));
#1090 = ORIENTED_EDGE('',*,*,#1091,.F.);
#1091 = EDGE_CURVE('',#1092,#1094,#1096,.T.);
#1092 = VERTEX_POINT('',#1093);
#1093 = CARTESIAN_POINT('',(135.249485,-56.477438,1.51));
#1094 = VERTEX_POINT('',#1095);
#1095 = CARTESIAN_POINT('',(134.546712,-55.82886,1.51));
#1096 = CIRCLE('',#1097,0.499999422661);
#1097 = AXIS2_PLACEMENT_3D('',#1098,#1099,#1100);
#1098 = CARTESIAN_POINT('',(134.79897029551,-56.26056033009,1.51));
#1099 = DIRECTION('',(0.,0.,1.));
#1100 = DIRECTION('',(0.901030449374,-0.433755840654,0.));
#1101 = ORIENTED_EDGE('',*,*,#1102,.F.);
#1102 = EDGE_CURVE('',#1103,#1092,#1105,.T.);
#1103 = VERTEX_POINT('',#1104);
#1104 = CARTESIAN_POINT('',(135.2,-56.694315,1.51));
#1105 = CIRCLE('',#1106,0.499989884978);
#1106 = AXIS2_PLACEMENT_3D('',#1107,#1108,#1109);
#1107 = CARTESIAN_POINT('',(135.69998988497,-56.69431407911,1.51));
#1108 = DIRECTION('',(0.,0.,-1.));
#1109 = DIRECTION('',(-0.999999999998,-1.841808638835E-06,-0.));
#1110 = ORIENTED_EDGE('',*,*,#1111,.F.);
#1111 = EDGE_CURVE('',#1112,#1103,#1114,.T.);
#1112 = VERTEX_POINT('',#1113);
#1113 = CARTESIAN_POINT('',(135.2,-58.1,1.51));
#1114 = LINE('',#1115,#1116);
#1115 = CARTESIAN_POINT('',(135.2,-58.1,1.51));
#1116 = VECTOR('',#1117,1.);
#1117 = DIRECTION('',(0.,1.,0.));
#1118 = ORIENTED_EDGE('',*,*,#1119,.F.);
#1119 = EDGE_CURVE('',#1120,#1112,#1122,.T.);
#1120 = VERTEX_POINT('',#1121);
#1121 = CARTESIAN_POINT('',(135.249485,-58.316878,1.51));
#1122 = CIRCLE('',#1123,0.499989885034);
#1123 = AXIS2_PLACEMENT_3D('',#1124,#1125,#1126);
#1124 = CARTESIAN_POINT('',(135.69998988503,-58.10000192086,1.51));
#1125 = DIRECTION('',(0.,0.,-1.));
#1126 = DIRECTION('',(-0.901027997796,-0.43376093322,-0.));
#1127 = ORIENTED_EDGE('',*,*,#1128,.F.);
#1128 = EDGE_CURVE('',#1129,#1120,#1131,.T.);
#1129 = VERTEX_POINT('',#1130);
#1130 = CARTESIAN_POINT('',(134.546712,-58.965457,1.51));
#1131 = CIRCLE('',#1132,0.499999448976);
#1132 = AXIS2_PLACEMENT_3D('',#1133,#1134,#1135);
#1133 = CARTESIAN_POINT('',(134.79897090428,-58.53375699515,1.51));
#1134 = DIRECTION('',(0.,0.,1.));
#1135 = DIRECTION('',(-0.504518364574,-0.863400961204,0.));
#1136 = ORIENTED_EDGE('',*,*,#1137,.F.);
#1137 = EDGE_CURVE('',#1138,#1129,#1140,.T.);
#1138 = VERTEX_POINT('',#1139);
#1139 = CARTESIAN_POINT('',(134.294453,-58.897158,1.51));
#1140 = CIRCLE('',#1141,0.500008729226);
#1141 = AXIS2_PLACEMENT_3D('',#1142,#1143,#1144);
#1142 = CARTESIAN_POINT('',(134.29445134314,-59.39716672922,1.51));
#1143 = DIRECTION('',(0.,0.,-1.));
#1144 = DIRECTION('',(3.313649373871E-06,0.999999999995,0.));
#1145 = ORIENTED_EDGE('',*,*,#1146,.F.);
#1146 = EDGE_CURVE('',#1147,#1138,#1149,.T.);
#1147 = VERTEX_POINT('',#1148);
#1148 = CARTESIAN_POINT('',(132.705549,-58.897158,1.51));
#1149 = LINE('',#1150,#1151);
#1150 = CARTESIAN_POINT('',(132.705549,-58.897158,1.51));
#1151 = VECTOR('',#1152,1.);
#1152 = DIRECTION('',(1.,0.,0.));
#1153 = ORIENTED_EDGE('',*,*,#1154,.F.);
#1154 = EDGE_CURVE('',#1155,#1147,#1157,.T.);
#1155 = VERTEX_POINT('',#1156);
#1156 = CARTESIAN_POINT('',(132.453291,-58.965457,1.51));
#1157 = CIRCLE('',#1158,0.500008729288);
#1158 = AXIS2_PLACEMENT_3D('',#1159,#1160,#1161);
#1159 = CARTESIAN_POINT('',(132.70555165687,-59.39716672928,1.51));
#1160 = DIRECTION('',(0.,0.,-1.));
#1161 = DIRECTION('',(-0.504512505685,0.863404384751,0.));
#1162 = ORIENTED_EDGE('',*,*,#1163,.F.);
#1163 = EDGE_CURVE('',#1164,#1155,#1166,.T.);
#1164 = VERTEX_POINT('',#1165);
#1165 = CARTESIAN_POINT('',(131.750517,-58.316878,1.51));
#1166 = CIRCLE('',#1167,0.500000669307);
#1167 = AXIS2_PLACEMENT_3D('',#1168,#1169,#1170);
#1168 = CARTESIAN_POINT('',(132.2010335355,-58.53375474043,1.51));
#1169 = DIRECTION('',(0.,0.,1.));
#1170 = DIRECTION('',(-0.901031864884,0.433752900236,0.));
#1171 = ORIENTED_EDGE('',*,*,#1172,.F.);
#1172 = EDGE_CURVE('',#1173,#1164,#1175,.T.);
#1173 = VERTEX_POINT('',#1174);
#1174 = CARTESIAN_POINT('',(131.800002,-58.100001,1.51));
#1175 = CIRCLE('',#1176,0.499989884978);
#1176 = AXIS2_PLACEMENT_3D('',#1177,#1178,#1179);
#1177 = CARTESIAN_POINT('',(131.30001211502,-58.10000192088,1.51));
#1178 = DIRECTION('',(0.,0.,-1.));
#1179 = DIRECTION('',(0.999999999998,1.841808624623E-06,0.));
#1180 = ORIENTED_EDGE('',*,*,#1181,.F.);
#1181 = EDGE_CURVE('',#1182,#1173,#1184,.T.);
#1182 = VERTEX_POINT('',#1183);
#1183 = CARTESIAN_POINT('',(131.800002,-56.694316,1.51));
#1184 = LINE('',#1185,#1186);
#1185 = CARTESIAN_POINT('',(131.800002,-56.694316,1.51));
#1186 = VECTOR('',#1187,1.);
#1187 = DIRECTION('',(0.,-1.,0.));
#1188 = ORIENTED_EDGE('',*,*,#1189,.F.);
#1189 = EDGE_CURVE('',#1190,#1182,#1192,.T.);
#1190 = VERTEX_POINT('',#1191);
#1191 = CARTESIAN_POINT('',(131.750517,-56.477438,1.51));
#1192 = CIRCLE('',#1193,0.499989885034);
#1193 = AXIS2_PLACEMENT_3D('',#1194,#1195,#1196);
#1194 = CARTESIAN_POINT('',(131.30001211496,-56.69431407913,1.51));
#1195 = DIRECTION('',(0.,0.,-1.));
#1196 = DIRECTION('',(0.901027997796,0.43376093322,0.));
#1197 = ORIENTED_EDGE('',*,*,#1198,.F.);
#1198 = EDGE_CURVE('',#1199,#1190,#1201,.T.);
#1199 = VERTEX_POINT('',#1200);
#1200 = CARTESIAN_POINT('',(132.45329,-55.828859,1.51));
#1201 = CIRCLE('',#1202,0.499999729127);
#1202 = AXIS2_PLACEMENT_3D('',#1203,#1204,#1205);
#1203 = CARTESIAN_POINT('',(132.20103174567,-56.26055970911,1.51));
#1204 = DIRECTION('',(0.,0.,1.));
#1205 = DIRECTION('',(0.504516781969,0.863401885979,-0.));
#1206 = ORIENTED_EDGE('',*,*,#1207,.F.);
#1207 = EDGE_CURVE('',#1208,#1199,#1210,.T.);
#1208 = VERTEX_POINT('',#1209);
#1209 = CARTESIAN_POINT('',(132.705549,-55.897159,1.51));
#1210 = CIRCLE('',#1211,0.50002311711);
#1211 = AXIS2_PLACEMENT_3D('',#1212,#1213,#1214);
#1212 = CARTESIAN_POINT('',(132.70555626378,-55.39713588294,1.51));
#1213 = DIRECTION('',(0.,0.,-1.));
#1214 = DIRECTION('',(-1.452689340292E-05,-0.999999999894,-0.));
#1215 = ORIENTED_EDGE('',*,*,#1216,.F.);
#1216 = EDGE_CURVE('',#1217,#1208,#1219,.T.);
#1217 = VERTEX_POINT('',#1218);
#1218 = CARTESIAN_POINT('',(134.294454,-55.897159,1.51));
#1219 = LINE('',#1220,#1221);
#1220 = CARTESIAN_POINT('',(134.294454,-55.897159,1.51));
#1221 = VECTOR('',#1222,1.);
#1222 = DIRECTION('',(-1.,0.,0.));
#1223 = ORIENTED_EDGE('',*,*,#1224,.F.);
#1224 = EDGE_CURVE('',#1094,#1217,#1225,.T.);
#1225 = CIRCLE('',#1226,0.500008729288);
#1226 = AXIS2_PLACEMENT_3D('',#1227,#1228,#1229);
#1227 = CARTESIAN_POINT('',(134.29445134312,-55.39715027071,1.51));
#1228 = DIRECTION('',(0.,0.,-1.));
#1229 = DIRECTION('',(0.504512505685,-0.863404384751,0.));
#1230 = FACE_BOUND('',#1231,.T.);
#1231 = EDGE_LOOP('',(#1232));
#1232 = ORIENTED_EDGE('',*,*,#1233,.T.);
#1233 = EDGE_CURVE('',#1234,#1234,#1236,.T.);
#1234 = VERTEX_POINT('',#1235);
#1235 = CARTESIAN_POINT('',(142.39,-81.39,1.51));
#1236 = CIRCLE('',#1237,0.85);
#1237 = AXIS2_PLACEMENT_3D('',#1238,#1239,#1240);
#1238 = CARTESIAN_POINT('',(142.39,-80.54,1.51));
#1239 = DIRECTION('',(-0.,0.,-1.));
#1240 = DIRECTION('',(-0.,-1.,0.));
#1241 = FACE_BOUND('',#1242,.T.);
#1242 = EDGE_LOOP('',(#1243));
#1243 = ORIENTED_EDGE('',*,*,#1244,.T.);
#1244 = EDGE_CURVE('',#1245,#1245,#1247,.T.);
#1245 = VERTEX_POINT('',#1246);
#1246 = CARTESIAN_POINT('',(151.42,-81.35,1.51));
#1247 = CIRCLE('',#1248,0.85);
#1248 = AXIS2_PLACEMENT_3D('',#1249,#1250,#1251);
#1249 = CARTESIAN_POINT('',(151.42,-80.5,1.51));
#1250 = DIRECTION('',(-0.,0.,-1.));
#1251 = DIRECTION('',(-3.343730521224E-14,-1.,0.));
#1252 = FACE_BOUND('',#1253,.T.);
#1253 = EDGE_LOOP('',(#1254));
#1254 = ORIENTED_EDGE('',*,*,#1255,.T.);
#1255 = EDGE_CURVE('',#1256,#1256,#1258,.T.);
#1256 = VERTEX_POINT('',#1257);
#1257 = CARTESIAN_POINT('',(152.69,-78.71,1.51));
#1258 = CIRCLE('',#1259,0.75);
#1259 = AXIS2_PLACEMENT_3D('',#1260,#1261,#1262);
#1260 = CARTESIAN_POINT('',(152.69,-77.96,1.51));
#1261 = DIRECTION('',(-0.,0.,-1.));
#1262 = DIRECTION('',(-0.,-1.,0.));
#1263 = FACE_BOUND('',#1264,.T.);
#1264 = EDGE_LOOP('',(#1265));
#1265 = ORIENTED_EDGE('',*,*,#1266,.T.);
#1266 = EDGE_CURVE('',#1267,#1267,#1269,.T.);
#1267 = VERTEX_POINT('',#1268);
#1268 = CARTESIAN_POINT('',(139.85,-76.21,1.51));
#1269 = CIRCLE('',#1270,0.75);
#1270 = AXIS2_PLACEMENT_3D('',#1271,#1272,#1273);
#1271 = CARTESIAN_POINT('',(139.85,-75.46,1.51));
#1272 = DIRECTION('',(-0.,0.,-1.));
#1273 = DIRECTION('',(-0.,-1.,0.));
#1274 = FACE_BOUND('',#1275,.T.);
#1275 = EDGE_LOOP('',(#1276));
#1276 = ORIENTED_EDGE('',*,*,#1277,.T.);
#1277 = EDGE_CURVE('',#1278,#1278,#1280,.T.);
#1278 = VERTEX_POINT('',#1279);
#1279 = CARTESIAN_POINT('',(156.5,-82.5,1.51));
#1280 = CIRCLE('',#1281,2.);
#1281 = AXIS2_PLACEMENT_3D('',#1282,#1283,#1284);
#1282 = CARTESIAN_POINT('',(156.5,-80.5,1.51));
#1283 = DIRECTION('',(-0.,0.,-1.));
#1284 = DIRECTION('',(-0.,-1.,0.));
#1285 = FACE_BOUND('',#1286,.T.);
#1286 = EDGE_LOOP('',(#1287));
#1287 = ORIENTED_EDGE('',*,*,#1288,.T.);
#1288 = EDGE_CURVE('',#1289,#1289,#1291,.T.);
#1289 = VERTEX_POINT('',#1290);
#1290 = CARTESIAN_POINT('',(161.58,-81.35,1.51));
#1291 = CIRCLE('',#1292,0.85);
#1292 = AXIS2_PLACEMENT_3D('',#1293,#1294,#1295);
#1293 = CARTESIAN_POINT('',(161.58,-80.5,1.51));
#1294 = DIRECTION('',(-0.,0.,-1.));
#1295 = DIRECTION('',(3.343730521224E-14,-1.,-0.));
#1296 = FACE_BOUND('',#1297,.T.);
#1297 = EDGE_LOOP('',(#1298));
#1298 = ORIENTED_EDGE('',*,*,#1299,.T.);
#1299 = EDGE_CURVE('',#1300,#1300,#1302,.T.);
#1300 = VERTEX_POINT('',#1301);
#1301 = CARTESIAN_POINT('',(159.04,-76.17,1.51));
#1302 = CIRCLE('',#1303,0.75);
#1303 = AXIS2_PLACEMENT_3D('',#1304,#1305,#1306);
#1304 = CARTESIAN_POINT('',(159.04,-75.42,1.51));
#1305 = DIRECTION('',(-0.,0.,-1.));
#1306 = DIRECTION('',(-0.,-1.,0.));
#1307 = FACE_BOUND('',#1308,.T.);
#1308 = EDGE_LOOP('',(#1309));
#1309 = ORIENTED_EDGE('',*,*,#1310,.T.);
#1310 = EDGE_CURVE('',#1311,#1311,#1313,.T.);
#1311 = VERTEX_POINT('',#1312);
#1312 = CARTESIAN_POINT('',(153.88,-65.75,1.51));
#1313 = CIRCLE('',#1314,0.5);
#1314 = AXIS2_PLACEMENT_3D('',#1315,#1316,#1317);
#1315 = CARTESIAN_POINT('',(153.88,-65.25,1.51));
#1316 = DIRECTION('',(-0.,0.,-1.));
#1317 = DIRECTION('',(-0.,-1.,0.));
#1318 = FACE_BOUND('',#1319,.T.);
#1319 = EDGE_LOOP('',(#1320,#1331,#1340,#1348,#1357,#1366,#1375,#1383,
    #1392,#1401,#1410,#1418,#1427,#1436,#1445,#1453));
#1320 = ORIENTED_EDGE('',*,*,#1321,.F.);
#1321 = EDGE_CURVE('',#1322,#1324,#1326,.T.);
#1322 = VERTEX_POINT('',#1323);
#1323 = CARTESIAN_POINT('',(143.353289,-55.828859,1.51));
#1324 = VERTEX_POINT('',#1325);
#1325 = CARTESIAN_POINT('',(142.650516,-56.477438,1.51));
#1326 = CIRCLE('',#1327,0.499999729127);
#1327 = AXIS2_PLACEMENT_3D('',#1328,#1329,#1330);
#1328 = CARTESIAN_POINT('',(143.10103074567,-56.26055970911,1.51));
#1329 = DIRECTION('',(0.,0.,1.));
#1330 = DIRECTION('',(0.504516781968,0.863401885979,-0.));
#1331 = ORIENTED_EDGE('',*,*,#1332,.F.);
#1332 = EDGE_CURVE('',#1333,#1322,#1335,.T.);
#1333 = VERTEX_POINT('',#1334);
#1334 = CARTESIAN_POINT('',(143.605548,-55.897159,1.51));
#1335 = CIRCLE('',#1336,0.50002311711);
#1336 = AXIS2_PLACEMENT_3D('',#1337,#1338,#1339);
#1337 = CARTESIAN_POINT('',(143.60555526378,-55.39713588294,1.51));
#1338 = DIRECTION('',(0.,0.,-1.));
#1339 = DIRECTION('',(-1.452689328924E-05,-0.999999999894,-0.));
#1340 = ORIENTED_EDGE('',*,*,#1341,.F.);
#1341 = EDGE_CURVE('',#1342,#1333,#1344,.T.);
#1342 = VERTEX_POINT('',#1343);
#1343 = CARTESIAN_POINT('',(145.194453,-55.897159,1.51));
#1344 = LINE('',#1345,#1346);
#1345 = CARTESIAN_POINT('',(145.194453,-55.897159,1.51));
#1346 = VECTOR('',#1347,1.);
#1347 = DIRECTION('',(-1.,0.,0.));
#1348 = ORIENTED_EDGE('',*,*,#1349,.F.);
#1349 = EDGE_CURVE('',#1350,#1342,#1352,.T.);
#1350 = VERTEX_POINT('',#1351);
#1351 = CARTESIAN_POINT('',(145.446711,-55.82886,1.51));
#1352 = CIRCLE('',#1353,0.500008729288);
#1353 = AXIS2_PLACEMENT_3D('',#1354,#1355,#1356);
#1354 = CARTESIAN_POINT('',(145.19445034312,-55.39715027071,1.51));
#1355 = DIRECTION('',(0.,0.,-1.));
#1356 = DIRECTION('',(0.504512505685,-0.863404384751,0.));
#1357 = ORIENTED_EDGE('',*,*,#1358,.F.);
#1358 = EDGE_CURVE('',#1359,#1350,#1361,.T.);
#1359 = VERTEX_POINT('',#1360);
#1360 = CARTESIAN_POINT('',(146.149484,-56.477438,1.51));
#1361 = CIRCLE('',#1362,0.499999422661);
#1362 = AXIS2_PLACEMENT_3D('',#1363,#1364,#1365);
#1363 = CARTESIAN_POINT('',(145.69896929551,-56.26056033009,1.51));
#1364 = DIRECTION('',(0.,0.,1.));
#1365 = DIRECTION('',(0.901030449374,-0.433755840654,0.));
#1366 = ORIENTED_EDGE('',*,*,#1367,.F.);
#1367 = EDGE_CURVE('',#1368,#1359,#1370,.T.);
#1368 = VERTEX_POINT('',#1369);
#1369 = CARTESIAN_POINT('',(146.099999,-56.694316,1.51));
#1370 = CIRCLE('',#1371,0.499989885034);
#1371 = AXIS2_PLACEMENT_3D('',#1372,#1373,#1374);
#1372 = CARTESIAN_POINT('',(146.59998888503,-56.69431407913,1.51));
#1373 = DIRECTION('',(0.,0.,-1.));
#1374 = DIRECTION('',(-0.999999999993,-3.841811406308E-06,-0.));
#1375 = ORIENTED_EDGE('',*,*,#1376,.F.);
#1376 = EDGE_CURVE('',#1377,#1368,#1379,.T.);
#1377 = VERTEX_POINT('',#1378);
#1378 = CARTESIAN_POINT('',(146.099999,-58.1,1.51));
#1379 = LINE('',#1380,#1381);
#1380 = CARTESIAN_POINT('',(146.099999,-58.1,1.51));
#1381 = VECTOR('',#1382,1.);
#1382 = DIRECTION('',(0.,1.,0.));
#1383 = ORIENTED_EDGE('',*,*,#1384,.F.);
#1384 = EDGE_CURVE('',#1385,#1377,#1387,.T.);
#1385 = VERTEX_POINT('',#1386);
#1386 = CARTESIAN_POINT('',(146.149484,-58.316877,1.51));
#1387 = CIRCLE('',#1388,0.49998122973);
#1388 = AXIS2_PLACEMENT_3D('',#1389,#1390,#1391);
#1389 = CARTESIAN_POINT('',(146.59998022972,-58.10000289576,1.51));
#1390 = DIRECTION('',(0.,0.,-1.));
#1391 = DIRECTION('',(-0.901026284457,-0.433764492229,-0.));
#1392 = ORIENTED_EDGE('',*,*,#1393,.F.);
#1393 = EDGE_CURVE('',#1394,#1385,#1396,.T.);
#1394 = VERTEX_POINT('',#1395);
#1395 = CARTESIAN_POINT('',(145.446711,-58.965457,1.51));
#1396 = CIRCLE('',#1397,0.499999755443);
#1397 = AXIS2_PLACEMENT_3D('',#1398,#1399,#1400);
#1398 = CARTESIAN_POINT('',(145.69896986309,-58.53375661613,1.51));
#1399 = DIRECTION('',(0.,0.,1.));
#1400 = DIRECTION('',(-0.504517972959,-0.863401190039,0.));
#1401 = ORIENTED_EDGE('',*,*,#1402,.F.);
#1402 = EDGE_CURVE('',#1403,#1394,#1405,.T.);
#1403 = VERTEX_POINT('',#1404);
#1404 = CARTESIAN_POINT('',(145.194452,-58.897158,1.51));
#1405 = CIRCLE('',#1406,0.500008729226);
#1406 = AXIS2_PLACEMENT_3D('',#1407,#1408,#1409);
#1407 = CARTESIAN_POINT('',(145.19445034314,-59.39716672922,1.51));
#1408 = DIRECTION('',(0.,0.,-1.));
#1409 = DIRECTION('',(3.313649373871E-06,0.999999999995,0.));
#1410 = ORIENTED_EDGE('',*,*,#1411,.F.);
#1411 = EDGE_CURVE('',#1412,#1403,#1414,.T.);
#1412 = VERTEX_POINT('',#1413);
#1413 = CARTESIAN_POINT('',(143.605548,-58.897158,1.51));
#1414 = LINE('',#1415,#1416);
#1415 = CARTESIAN_POINT('',(143.605548,-58.897158,1.51));
#1416 = VECTOR('',#1417,1.);
#1417 = DIRECTION('',(1.,0.,0.));
#1418 = ORIENTED_EDGE('',*,*,#1419,.F.);
#1419 = EDGE_CURVE('',#1420,#1412,#1422,.T.);
#1420 = VERTEX_POINT('',#1421);
#1421 = CARTESIAN_POINT('',(143.353289,-58.965455,1.51));
#1422 = CIRCLE('',#1423,0.500040834725);
#1423 = AXIS2_PLACEMENT_3D('',#1424,#1425,#1426);
#1424 = CARTESIAN_POINT('',(143.60555492637,-59.39719883467,1.51));
#1425 = DIRECTION('',(0.,0.,-1.));
#1426 = DIRECTION('',(-0.50449065128,0.86341715455,0.));
#1427 = ORIENTED_EDGE('',*,*,#1428,.F.);
#1428 = EDGE_CURVE('',#1429,#1420,#1431,.T.);
#1429 = VERTEX_POINT('',#1430);
#1430 = CARTESIAN_POINT('',(142.650516,-58.316878,1.51));
#1431 = CIRCLE('',#1432,0.499999092786);
#1432 = AXIS2_PLACEMENT_3D('',#1433,#1434,#1435);
#1433 = CARTESIAN_POINT('',(143.10103060898,-58.53375510777,1.51));
#1434 = DIRECTION('',(0.,0.,1.));
#1435 = DIRECTION('',(-0.901030852831,0.43375500256,0.));
#1436 = ORIENTED_EDGE('',*,*,#1437,.F.);
#1437 = EDGE_CURVE('',#1438,#1429,#1440,.T.);
#1438 = VERTEX_POINT('',#1439);
#1439 = CARTESIAN_POINT('',(142.700001,-58.1,1.51));
#1440 = CIRCLE('',#1441,0.499989885034);
#1441 = AXIS2_PLACEMENT_3D('',#1442,#1443,#1444);
#1442 = CARTESIAN_POINT('',(142.20001111497,-58.10000192086,1.51));
#1443 = DIRECTION('',(0.,0.,-1.));
#1444 = DIRECTION('',(0.999999999993,3.841811775802E-06,0.));
#1445 = ORIENTED_EDGE('',*,*,#1446,.F.);
#1446 = EDGE_CURVE('',#1447,#1438,#1449,.T.);
#1447 = VERTEX_POINT('',#1448);
#1448 = CARTESIAN_POINT('',(142.700001,-56.694316,1.51));
#1449 = LINE('',#1450,#1451);
#1450 = CARTESIAN_POINT('',(142.700001,-56.694316,1.51));
#1451 = VECTOR('',#1452,1.);
#1452 = DIRECTION('',(0.,-1.,0.));
#1453 = ORIENTED_EDGE('',*,*,#1454,.F.);
#1454 = EDGE_CURVE('',#1324,#1447,#1455,.T.);
#1455 = CIRCLE('',#1456,0.499989885034);
#1456 = AXIS2_PLACEMENT_3D('',#1457,#1458,#1459);
#1457 = CARTESIAN_POINT('',(142.20001111497,-56.69431407913,1.51));
#1458 = DIRECTION('',(0.,0.,-1.));
#1459 = DIRECTION('',(0.901027997796,0.43376093322,0.));
#1460 = FACE_BOUND('',#1461,.T.);
#1461 = EDGE_LOOP('',(#1462));
#1462 = ORIENTED_EDGE('',*,*,#1463,.T.);
#1463 = EDGE_CURVE('',#1464,#1464,#1466,.T.);
#1464 = VERTEX_POINT('',#1465);
#1465 = CARTESIAN_POINT('',(156.42,-65.75,1.51));
#1466 = CIRCLE('',#1467,0.5);
#1467 = AXIS2_PLACEMENT_3D('',#1468,#1469,#1470);
#1468 = CARTESIAN_POINT('',(156.42,-65.25,1.51));
#1469 = DIRECTION('',(-0.,0.,-1.));
#1470 = DIRECTION('',(-0.,-1.,0.));
#1471 = FACE_BOUND('',#1472,.T.);
#1472 = EDGE_LOOP('',(#1473));
#1473 = ORIENTED_EDGE('',*,*,#1474,.T.);
#1474 = EDGE_CURVE('',#1475,#1475,#1477,.T.);
#1475 = VERTEX_POINT('',#1476);
#1476 = CARTESIAN_POINT('',(158.96,-65.75,1.51));
#1477 = CIRCLE('',#1478,0.5);
#1478 = AXIS2_PLACEMENT_3D('',#1479,#1480,#1481);
#1479 = CARTESIAN_POINT('',(158.96,-65.25,1.51));
#1480 = DIRECTION('',(-0.,0.,-1.));
#1481 = DIRECTION('',(-0.,-1.,0.));
#1482 = FACE_BOUND('',#1483,.T.);
#1483 = EDGE_LOOP('',(#1484));
#1484 = ORIENTED_EDGE('',*,*,#1485,.T.);
#1485 = EDGE_CURVE('',#1486,#1486,#1488,.T.);
#1486 = VERTEX_POINT('',#1487);
#1487 = CARTESIAN_POINT('',(161.5,-65.75,1.51));
#1488 = CIRCLE('',#1489,0.5);
#1489 = AXIS2_PLACEMENT_3D('',#1490,#1491,#1492);
#1490 = CARTESIAN_POINT('',(161.5,-65.25,1.51));
#1491 = DIRECTION('',(-0.,0.,-1.));
#1492 = DIRECTION('',(-0.,-1.,0.));
#1493 = FACE_BOUND('',#1494,.T.);
#1494 = EDGE_LOOP('',(#1495));
#1495 = ORIENTED_EDGE('',*,*,#1496,.T.);
#1496 = EDGE_CURVE('',#1497,#1497,#1499,.T.);
#1497 = VERTEX_POINT('',#1498);
#1498 = CARTESIAN_POINT('',(164.04,-65.75,1.51));
#1499 = CIRCLE('',#1500,0.5);
#1500 = AXIS2_PLACEMENT_3D('',#1501,#1502,#1503);
#1501 = CARTESIAN_POINT('',(164.04,-65.25,1.51));
#1502 = DIRECTION('',(-0.,0.,-1.));
#1503 = DIRECTION('',(-0.,-1.,0.));
#1504 = FACE_BOUND('',#1505,.T.);
#1505 = EDGE_LOOP('',(#1506));
#1506 = ORIENTED_EDGE('',*,*,#1507,.T.);
#1507 = EDGE_CURVE('',#1508,#1508,#1510,.T.);
#1508 = VERTEX_POINT('',#1509);
#1509 = CARTESIAN_POINT('',(166.58,-65.75,1.51));
#1510 = CIRCLE('',#1511,0.5);
#1511 = AXIS2_PLACEMENT_3D('',#1512,#1513,#1514);
#1512 = CARTESIAN_POINT('',(166.58,-65.25,1.51));
#1513 = DIRECTION('',(-0.,0.,-1.));
#1514 = DIRECTION('',(-0.,-1.,0.));
#1515 = FACE_BOUND('',#1516,.T.);
#1516 = EDGE_LOOP('',(#1517));
#1517 = ORIENTED_EDGE('',*,*,#1518,.T.);
#1518 = EDGE_CURVE('',#1519,#1519,#1521,.T.);
#1519 = VERTEX_POINT('',#1520);
#1520 = CARTESIAN_POINT('',(169.12,-65.75,1.51));
#1521 = CIRCLE('',#1522,0.5);
#1522 = AXIS2_PLACEMENT_3D('',#1523,#1524,#1525);
#1523 = CARTESIAN_POINT('',(169.12,-65.25,1.51));
#1524 = DIRECTION('',(-0.,0.,-1.));
#1525 = DIRECTION('',(-0.,-1.,0.));
#1526 = FACE_BOUND('',#1527,.T.);
#1527 = EDGE_LOOP('',(#1528));
#1528 = ORIENTED_EDGE('',*,*,#1529,.T.);
#1529 = EDGE_CURVE('',#1530,#1530,#1532,.T.);
#1530 = VERTEX_POINT('',#1531);
#1531 = CARTESIAN_POINT('',(110.,-39.31,1.51));
#1532 = CIRCLE('',#1533,0.5);
#1533 = AXIS2_PLACEMENT_3D('',#1534,#1535,#1536);
#1534 = CARTESIAN_POINT('',(110.,-38.81,1.51));
#1535 = DIRECTION('',(-0.,0.,-1.));
#1536 = DIRECTION('',(-0.,-1.,0.));
#1537 = FACE_BOUND('',#1538,.T.);
#1538 = EDGE_LOOP('',(#1539));
#1539 = ORIENTED_EDGE('',*,*,#1540,.T.);
#1540 = EDGE_CURVE('',#1541,#1541,#1543,.T.);
#1541 = VERTEX_POINT('',#1542);
#1542 = CARTESIAN_POINT('',(110.,-36.77,1.51));
#1543 = CIRCLE('',#1544,0.5);
#1544 = AXIS2_PLACEMENT_3D('',#1545,#1546,#1547);
#1545 = CARTESIAN_POINT('',(110.,-36.27,1.51));
#1546 = DIRECTION('',(-0.,0.,-1.));
#1547 = DIRECTION('',(-0.,-1.,0.));
#1548 = FACE_BOUND('',#1549,.T.);
#1549 = EDGE_LOOP('',(#1550));
#1550 = ORIENTED_EDGE('',*,*,#1551,.T.);
#1551 = EDGE_CURVE('',#1552,#1552,#1554,.T.);
#1552 = VERTEX_POINT('',#1553);
#1553 = CARTESIAN_POINT('',(110.,-34.23,1.51));
#1554 = CIRCLE('',#1555,0.5);
#1555 = AXIS2_PLACEMENT_3D('',#1556,#1557,#1558);
#1556 = CARTESIAN_POINT('',(110.,-33.73,1.51));
#1557 = DIRECTION('',(-0.,0.,-1.));
#1558 = DIRECTION('',(-0.,-1.,0.));
#1559 = FACE_BOUND('',#1560,.T.);
#1560 = EDGE_LOOP('',(#1561));
#1561 = ORIENTED_EDGE('',*,*,#1562,.T.);
#1562 = EDGE_CURVE('',#1563,#1563,#1565,.T.);
#1563 = VERTEX_POINT('',#1564);
#1564 = CARTESIAN_POINT('',(110.,-31.69,1.51));
#1565 = CIRCLE('',#1566,0.5);
#1566 = AXIS2_PLACEMENT_3D('',#1567,#1568,#1569);
#1567 = CARTESIAN_POINT('',(110.,-31.19,1.51));
#1568 = DIRECTION('',(-0.,0.,-1.));
#1569 = DIRECTION('',(-0.,-1.,0.));
#1570 = FACE_BOUND('',#1571,.T.);
#1571 = EDGE_LOOP('',(#1572));
#1572 = ORIENTED_EDGE('',*,*,#1573,.T.);
#1573 = EDGE_CURVE('',#1574,#1574,#1576,.T.);
#1574 = VERTEX_POINT('',#1575);
#1575 = CARTESIAN_POINT('',(153.88,-50.5,1.51));
#1576 = CIRCLE('',#1577,0.5);
#1577 = AXIS2_PLACEMENT_3D('',#1578,#1579,#1580);
#1578 = CARTESIAN_POINT('',(153.88,-50.,1.51));
#1579 = DIRECTION('',(-0.,0.,-1.));
#1580 = DIRECTION('',(-0.,-1.,0.));
#1581 = FACE_BOUND('',#1582,.T.);
#1582 = EDGE_LOOP('',(#1583));
#1583 = ORIENTED_EDGE('',*,*,#1584,.T.);
#1584 = EDGE_CURVE('',#1585,#1585,#1587,.T.);
#1585 = VERTEX_POINT('',#1586);
#1586 = CARTESIAN_POINT('',(156.42,-50.5,1.51));
#1587 = CIRCLE('',#1588,0.5);
#1588 = AXIS2_PLACEMENT_3D('',#1589,#1590,#1591);
#1589 = CARTESIAN_POINT('',(156.42,-50.,1.51));
#1590 = DIRECTION('',(-0.,0.,-1.));
#1591 = DIRECTION('',(-0.,-1.,0.));
#1592 = FACE_BOUND('',#1593,.T.);
#1593 = EDGE_LOOP('',(#1594));
#1594 = ORIENTED_EDGE('',*,*,#1595,.T.);
#1595 = EDGE_CURVE('',#1596,#1596,#1598,.T.);
#1596 = VERTEX_POINT('',#1597);
#1597 = CARTESIAN_POINT('',(158.96,-50.5,1.51));
#1598 = CIRCLE('',#1599,0.5);
#1599 = AXIS2_PLACEMENT_3D('',#1600,#1601,#1602);
#1600 = CARTESIAN_POINT('',(158.96,-50.,1.51));
#1601 = DIRECTION('',(-0.,0.,-1.));
#1602 = DIRECTION('',(-0.,-1.,0.));
#1603 = FACE_BOUND('',#1604,.T.);
#1604 = EDGE_LOOP('',(#1605));
#1605 = ORIENTED_EDGE('',*,*,#1606,.T.);
#1606 = EDGE_CURVE('',#1607,#1607,#1609,.T.);
#1607 = VERTEX_POINT('',#1608);
#1608 = CARTESIAN_POINT('',(161.5,-50.5,1.51));
#1609 = CIRCLE('',#1610,0.5);
#1610 = AXIS2_PLACEMENT_3D('',#1611,#1612,#1613);
#1611 = CARTESIAN_POINT('',(161.5,-50.,1.51));
#1612 = DIRECTION('',(-0.,0.,-1.));
#1613 = DIRECTION('',(-0.,-1.,0.));
#1614 = FACE_BOUND('',#1615,.T.);
#1615 = EDGE_LOOP('',(#1616));
#1616 = ORIENTED_EDGE('',*,*,#1617,.T.);
#1617 = EDGE_CURVE('',#1618,#1618,#1620,.T.);
#1618 = VERTEX_POINT('',#1619);
#1619 = CARTESIAN_POINT('',(164.04,-50.5,1.51));
#1620 = CIRCLE('',#1621,0.5);
#1621 = AXIS2_PLACEMENT_3D('',#1622,#1623,#1624);
#1622 = CARTESIAN_POINT('',(164.04,-50.,1.51));
#1623 = DIRECTION('',(-0.,0.,-1.));
#1624 = DIRECTION('',(-0.,-1.,0.));
#1625 = FACE_BOUND('',#1626,.T.);
#1626 = EDGE_LOOP('',(#1627));
#1627 = ORIENTED_EDGE('',*,*,#1628,.T.);
#1628 = EDGE_CURVE('',#1629,#1629,#1631,.T.);
#1629 = VERTEX_POINT('',#1630);
#1630 = CARTESIAN_POINT('',(166.58,-50.5,1.51));
#1631 = CIRCLE('',#1632,0.5);
#1632 = AXIS2_PLACEMENT_3D('',#1633,#1634,#1635);
#1633 = CARTESIAN_POINT('',(166.58,-50.,1.51));
#1634 = DIRECTION('',(-0.,0.,-1.));
#1635 = DIRECTION('',(-0.,-1.,0.));
#1636 = FACE_BOUND('',#1637,.T.);
#1637 = EDGE_LOOP('',(#1638));
#1638 = ORIENTED_EDGE('',*,*,#1639,.T.);
#1639 = EDGE_CURVE('',#1640,#1640,#1642,.T.);
#1640 = VERTEX_POINT('',#1641);
#1641 = CARTESIAN_POINT('',(169.12,-50.5,1.51));
#1642 = CIRCLE('',#1643,0.5);
#1643 = AXIS2_PLACEMENT_3D('',#1644,#1645,#1646);
#1644 = CARTESIAN_POINT('',(169.12,-50.,1.51));
#1645 = DIRECTION('',(-0.,0.,-1.));
#1646 = DIRECTION('',(-0.,-1.,0.));
#1647 = FACE_BOUND('',#1648,.T.);
#1648 = EDGE_LOOP('',(#1649));
#1649 = ORIENTED_EDGE('',*,*,#1650,.T.);
#1650 = EDGE_CURVE('',#1651,#1651,#1653,.T.);
#1651 = VERTEX_POINT('',#1652);
#1652 = CARTESIAN_POINT('',(153.75,-38.,1.51));
#1653 = CIRCLE('',#1654,0.5);
#1654 = AXIS2_PLACEMENT_3D('',#1655,#1656,#1657);
#1655 = CARTESIAN_POINT('',(153.75,-37.5,1.51));
#1656 = DIRECTION('',(-0.,0.,-1.));
#1657 = DIRECTION('',(-0.,-1.,0.));
#1658 = FACE_BOUND('',#1659,.T.);
#1659 = EDGE_LOOP('',(#1660));
#1660 = ORIENTED_EDGE('',*,*,#1661,.T.);
#1661 = EDGE_CURVE('',#1662,#1662,#1664,.T.);
#1662 = VERTEX_POINT('',#1663);
#1663 = CARTESIAN_POINT('',(153.75,-35.5,1.51));
#1664 = CIRCLE('',#1665,0.5);
#1665 = AXIS2_PLACEMENT_3D('',#1666,#1667,#1668);
#1666 = CARTESIAN_POINT('',(153.75,-35.,1.51));
#1667 = DIRECTION('',(-0.,0.,-1.));
#1668 = DIRECTION('',(-0.,-1.,0.));
#1669 = FACE_BOUND('',#1670,.T.);
#1670 = EDGE_LOOP('',(#1671));
#1671 = ORIENTED_EDGE('',*,*,#1672,.T.);
#1672 = EDGE_CURVE('',#1673,#1673,#1675,.T.);
#1673 = VERTEX_POINT('',#1674);
#1674 = CARTESIAN_POINT('',(153.75,-33.,1.51));
#1675 = CIRCLE('',#1676,0.5);
#1676 = AXIS2_PLACEMENT_3D('',#1677,#1678,#1679);
#1677 = CARTESIAN_POINT('',(153.75,-32.5,1.51));
#1678 = DIRECTION('',(-0.,0.,-1.));
#1679 = DIRECTION('',(-0.,-1.,0.));
#1680 = FACE_BOUND('',#1681,.T.);
#1681 = EDGE_LOOP('',(#1682));
#1682 = ORIENTED_EDGE('',*,*,#1683,.T.);
#1683 = EDGE_CURVE('',#1684,#1684,#1686,.T.);
#1684 = VERTEX_POINT('',#1685);
#1685 = CARTESIAN_POINT('',(161.25,-41.9,1.51));
#1686 = CIRCLE('',#1687,1.3);
#1687 = AXIS2_PLACEMENT_3D('',#1688,#1689,#1690);
#1688 = CARTESIAN_POINT('',(161.25,-40.6,1.51));
#1689 = DIRECTION('',(-0.,0.,-1.));
#1690 = DIRECTION('',(-0.,-1.,0.));
#1691 = FACE_BOUND('',#1692,.T.);
#1692 = EDGE_LOOP('',(#1693));
#1693 = ORIENTED_EDGE('',*,*,#1694,.T.);
#1694 = EDGE_CURVE('',#1695,#1695,#1697,.T.);
#1695 = VERTEX_POINT('',#1696);
#1696 = CARTESIAN_POINT('',(168.25,-38.,1.51));
#1697 = CIRCLE('',#1698,0.5);
#1698 = AXIS2_PLACEMENT_3D('',#1699,#1700,#1701);
#1699 = CARTESIAN_POINT('',(168.25,-37.5,1.51));
#1700 = DIRECTION('',(-0.,0.,-1.));
#1701 = DIRECTION('',(-0.,-1.,0.));
#1702 = FACE_BOUND('',#1703,.T.);
#1703 = EDGE_LOOP('',(#1704));
#1704 = ORIENTED_EDGE('',*,*,#1705,.T.);
#1705 = EDGE_CURVE('',#1706,#1706,#1708,.T.);
#1706 = VERTEX_POINT('',#1707);
#1707 = CARTESIAN_POINT('',(161.25,-30.7,1.51));
#1708 = CIRCLE('',#1709,1.3);
#1709 = AXIS2_PLACEMENT_3D('',#1710,#1711,#1712);
#1710 = CARTESIAN_POINT('',(161.25,-29.4,1.51));
#1711 = DIRECTION('',(-0.,0.,-1.));
#1712 = DIRECTION('',(-0.,-1.,0.));
#1713 = FACE_BOUND('',#1714,.T.);
#1714 = EDGE_LOOP('',(#1715));
#1715 = ORIENTED_EDGE('',*,*,#1716,.T.);
#1716 = EDGE_CURVE('',#1717,#1717,#1719,.T.);
#1717 = VERTEX_POINT('',#1718);
#1718 = CARTESIAN_POINT('',(168.25,-33.,1.51));
#1719 = CIRCLE('',#1720,0.5);
#1720 = AXIS2_PLACEMENT_3D('',#1721,#1722,#1723);
#1721 = CARTESIAN_POINT('',(168.25,-32.5,1.51));
#1722 = DIRECTION('',(-0.,0.,-1.));
#1723 = DIRECTION('',(-0.,-1.,0.));
#1724 = PLANE('',#1725);
#1725 = AXIS2_PLACEMENT_3D('',#1726,#1727,#1728);
#1726 = CARTESIAN_POINT('',(0.,0.,1.51));
#1727 = DIRECTION('',(0.,0.,1.));
#1728 = DIRECTION('',(1.,0.,-0.));
#1729 = ADVANCED_FACE('',(#1730),#1736,.T.);
#1730 = FACE_BOUND('',#1731,.T.);
#1731 = EDGE_LOOP('',(#1732,#1733,#1734,#1735));
#1732 = ORIENTED_EDGE('',*,*,#119,.T.);
#1733 = ORIENTED_EDGE('',*,*,#939,.T.);
#1734 = ORIENTED_EDGE('',*,*,#79,.F.);
#1735 = ORIENTED_EDGE('',*,*,#143,.F.);
#1736 = PLANE('',#1737);
#1737 = AXIS2_PLACEMENT_3D('',#1738,#1739,#1740);
#1738 = CARTESIAN_POINT('',(104.,-26.5,0.));
#1739 = DIRECTION('',(0.,1.,0.));
#1740 = DIRECTION('',(1.,0.,0.));
#1741 = ADVANCED_FACE('',(#1742),#1753,.F.);
#1742 = FACE_BOUND('',#1743,.T.);
#1743 = EDGE_LOOP('',(#1744,#1745,#1751,#1752));
#1744 = ORIENTED_EDGE('',*,*,#152,.T.);
#1745 = ORIENTED_EDGE('',*,*,#1746,.T.);
#1746 = EDGE_CURVE('',#153,#949,#1747,.T.);
#1747 = LINE('',#1748,#1749);
#1748 = CARTESIAN_POINT('',(112.84,-81.35,-4.6E-02));
#1749 = VECTOR('',#1750,1.);
#1750 = DIRECTION('',(0.,0.,1.));
#1751 = ORIENTED_EDGE('',*,*,#948,.F.);
#1752 = ORIENTED_EDGE('',*,*,#1746,.F.);
#1753 = CYLINDRICAL_SURFACE('',#1754,0.85);
#1754 = AXIS2_PLACEMENT_3D('',#1755,#1756,#1757);
#1755 = CARTESIAN_POINT('',(112.84,-80.5,-4.6E-02));
#1756 = DIRECTION('',(-0.,-0.,-1.));
#1757 = DIRECTION('',(-0.,-1.,0.));
#1758 = ADVANCED_FACE('',(#1759),#1770,.F.);
#1759 = FACE_BOUND('',#1760,.T.);
#1760 = EDGE_LOOP('',(#1761,#1762,#1768,#1769));
#1761 = ORIENTED_EDGE('',*,*,#163,.T.);
#1762 = ORIENTED_EDGE('',*,*,#1763,.T.);
#1763 = EDGE_CURVE('',#164,#960,#1764,.T.);
#1764 = LINE('',#1765,#1766);
#1765 = CARTESIAN_POINT('',(114.11,-78.71,-4.6E-02));
#1766 = VECTOR('',#1767,1.);
#1767 = DIRECTION('',(0.,0.,1.));
#1768 = ORIENTED_EDGE('',*,*,#959,.F.);
#1769 = ORIENTED_EDGE('',*,*,#1763,.F.);
#1770 = CYLINDRICAL_SURFACE('',#1771,0.75);
#1771 = AXIS2_PLACEMENT_3D('',#1772,#1773,#1774);
#1772 = CARTESIAN_POINT('',(114.11,-77.96,-4.6E-02));
#1773 = DIRECTION('',(-0.,-0.,-1.));
#1774 = DIRECTION('',(-0.,-1.,0.));
#1775 = ADVANCED_FACE('',(#1776),#1787,.F.);
#1776 = FACE_BOUND('',#1777,.T.);
#1777 = EDGE_LOOP('',(#1778,#1779,#1785,#1786));
#1778 = ORIENTED_EDGE('',*,*,#174,.T.);
#1779 = ORIENTED_EDGE('',*,*,#1780,.T.);
#1780 = EDGE_CURVE('',#175,#971,#1781,.T.);
#1781 = LINE('',#1782,#1783);
#1782 = CARTESIAN_POINT('',(117.92,-82.5,-4.6E-02));
#1783 = VECTOR('',#1784,1.);
#1784 = DIRECTION('',(0.,0.,1.));
#1785 = ORIENTED_EDGE('',*,*,#970,.F.);
#1786 = ORIENTED_EDGE('',*,*,#1780,.F.);
#1787 = CYLINDRICAL_SURFACE('',#1788,2.);
#1788 = AXIS2_PLACEMENT_3D('',#1789,#1790,#1791);
#1789 = CARTESIAN_POINT('',(117.92,-80.5,-4.6E-02));
#1790 = DIRECTION('',(-0.,-0.,-1.));
#1791 = DIRECTION('',(-0.,-1.,0.));
#1792 = ADVANCED_FACE('',(#1793),#1804,.F.);
#1793 = FACE_BOUND('',#1794,.T.);
#1794 = EDGE_LOOP('',(#1795,#1796,#1802,#1803));
#1795 = ORIENTED_EDGE('',*,*,#185,.T.);
#1796 = ORIENTED_EDGE('',*,*,#1797,.T.);
#1797 = EDGE_CURVE('',#186,#982,#1798,.T.);
#1798 = LINE('',#1799,#1800);
#1799 = CARTESIAN_POINT('',(123.,-81.35,-4.6E-02));
#1800 = VECTOR('',#1801,1.);
#1801 = DIRECTION('',(0.,0.,1.));
#1802 = ORIENTED_EDGE('',*,*,#981,.F.);
#1803 = ORIENTED_EDGE('',*,*,#1797,.F.);
#1804 = CYLINDRICAL_SURFACE('',#1805,0.85);
#1805 = AXIS2_PLACEMENT_3D('',#1806,#1807,#1808);
#1806 = CARTESIAN_POINT('',(123.,-80.5,-4.6E-02));
#1807 = DIRECTION('',(-0.,-0.,-1.));
#1808 = DIRECTION('',(-0.,-1.,0.));
#1809 = ADVANCED_FACE('',(#1810),#1821,.F.);
#1810 = FACE_BOUND('',#1811,.T.);
#1811 = EDGE_LOOP('',(#1812,#1813,#1819,#1820));
#1812 = ORIENTED_EDGE('',*,*,#196,.T.);
#1813 = ORIENTED_EDGE('',*,*,#1814,.T.);
#1814 = EDGE_CURVE('',#197,#993,#1815,.T.);
#1815 = LINE('',#1816,#1817);
#1816 = CARTESIAN_POINT('',(120.46,-76.17,-4.6E-02));
#1817 = VECTOR('',#1818,1.);
#1818 = DIRECTION('',(0.,0.,1.));
#1819 = ORIENTED_EDGE('',*,*,#992,.F.);
#1820 = ORIENTED_EDGE('',*,*,#1814,.F.);
#1821 = CYLINDRICAL_SURFACE('',#1822,0.75);
#1822 = AXIS2_PLACEMENT_3D('',#1823,#1824,#1825);
#1823 = CARTESIAN_POINT('',(120.46,-75.42,-4.6E-02));
#1824 = DIRECTION('',(-0.,-0.,-1.));
#1825 = DIRECTION('',(-0.,-1.,0.));
#1826 = ADVANCED_FACE('',(#1827),#1838,.F.);
#1827 = FACE_BOUND('',#1828,.T.);
#1828 = EDGE_LOOP('',(#1829,#1830,#1836,#1837));
#1829 = ORIENTED_EDGE('',*,*,#207,.T.);
#1830 = ORIENTED_EDGE('',*,*,#1831,.T.);
#1831 = EDGE_CURVE('',#208,#1004,#1832,.T.);
#1832 = LINE('',#1833,#1834);
#1833 = CARTESIAN_POINT('',(132.23,-81.39,-4.6E-02));
#1834 = VECTOR('',#1835,1.);
#1835 = DIRECTION('',(0.,0.,1.));
#1836 = ORIENTED_EDGE('',*,*,#1003,.F.);
#1837 = ORIENTED_EDGE('',*,*,#1831,.F.);
#1838 = CYLINDRICAL_SURFACE('',#1839,0.85);
#1839 = AXIS2_PLACEMENT_3D('',#1840,#1841,#1842);
#1840 = CARTESIAN_POINT('',(132.23,-80.54,-4.6E-02));
#1841 = DIRECTION('',(-0.,-0.,-1.));
#1842 = DIRECTION('',(-3.343730521224E-14,-1.,0.));
#1843 = ADVANCED_FACE('',(#1844),#1855,.F.);
#1844 = FACE_BOUND('',#1845,.T.);
#1845 = EDGE_LOOP('',(#1846,#1847,#1853,#1854));
#1846 = ORIENTED_EDGE('',*,*,#218,.T.);
#1847 = ORIENTED_EDGE('',*,*,#1848,.T.);
#1848 = EDGE_CURVE('',#219,#1015,#1849,.T.);
#1849 = LINE('',#1850,#1851);
#1850 = CARTESIAN_POINT('',(137.31,-82.54,-4.6E-02));
#1851 = VECTOR('',#1852,1.);
#1852 = DIRECTION('',(0.,0.,1.));
#1853 = ORIENTED_EDGE('',*,*,#1014,.F.);
#1854 = ORIENTED_EDGE('',*,*,#1848,.F.);
#1855 = CYLINDRICAL_SURFACE('',#1856,2.);
#1856 = AXIS2_PLACEMENT_3D('',#1857,#1858,#1859);
#1857 = CARTESIAN_POINT('',(137.31,-80.54,-4.6E-02));
#1858 = DIRECTION('',(-0.,-0.,-1.));
#1859 = DIRECTION('',(-0.,-1.,0.));
#1860 = ADVANCED_FACE('',(#1861),#1872,.F.);
#1861 = FACE_BOUND('',#1862,.T.);
#1862 = EDGE_LOOP('',(#1863,#1864,#1870,#1871));
#1863 = ORIENTED_EDGE('',*,*,#229,.T.);
#1864 = ORIENTED_EDGE('',*,*,#1865,.T.);
#1865 = EDGE_CURVE('',#230,#1026,#1866,.T.);
#1866 = LINE('',#1867,#1868);
#1867 = CARTESIAN_POINT('',(133.5,-78.75,-4.6E-02));
#1868 = VECTOR('',#1869,1.);
#1869 = DIRECTION('',(0.,0.,1.));
#1870 = ORIENTED_EDGE('',*,*,#1025,.F.);
#1871 = ORIENTED_EDGE('',*,*,#1865,.F.);
#1872 = CYLINDRICAL_SURFACE('',#1873,0.75);
#1873 = AXIS2_PLACEMENT_3D('',#1874,#1875,#1876);
#1874 = CARTESIAN_POINT('',(133.5,-78.,-4.6E-02));
#1875 = DIRECTION('',(-0.,-0.,-1.));
#1876 = DIRECTION('',(-0.,-1.,0.));
#1877 = ADVANCED_FACE('',(#1878),#1889,.F.);
#1878 = FACE_BOUND('',#1879,.T.);
#1879 = EDGE_LOOP('',(#1880,#1881,#1887,#1888));
#1880 = ORIENTED_EDGE('',*,*,#240,.T.);
#1881 = ORIENTED_EDGE('',*,*,#1882,.T.);
#1882 = EDGE_CURVE('',#241,#1037,#1883,.T.);
#1883 = LINE('',#1884,#1885);
#1884 = CARTESIAN_POINT('',(112.84,-62.35,-4.6E-02));
#1885 = VECTOR('',#1886,1.);
#1886 = DIRECTION('',(0.,0.,1.));
#1887 = ORIENTED_EDGE('',*,*,#1036,.F.);
#1888 = ORIENTED_EDGE('',*,*,#1882,.F.);
#1889 = CYLINDRICAL_SURFACE('',#1890,0.85);
#1890 = AXIS2_PLACEMENT_3D('',#1891,#1892,#1893);
#1891 = CARTESIAN_POINT('',(112.84,-61.5,-4.6E-02));
#1892 = DIRECTION('',(-0.,-0.,-1.));
#1893 = DIRECTION('',(-0.,-1.,0.));
#1894 = ADVANCED_FACE('',(#1895),#1906,.F.);
#1895 = FACE_BOUND('',#1896,.T.);
#1896 = EDGE_LOOP('',(#1897,#1898,#1904,#1905));
#1897 = ORIENTED_EDGE('',*,*,#251,.T.);
#1898 = ORIENTED_EDGE('',*,*,#1899,.T.);
#1899 = EDGE_CURVE('',#252,#1048,#1900,.T.);
#1900 = LINE('',#1901,#1902);
#1901 = CARTESIAN_POINT('',(114.11,-59.71,-4.6E-02));
#1902 = VECTOR('',#1903,1.);
#1903 = DIRECTION('',(0.,0.,1.));
#1904 = ORIENTED_EDGE('',*,*,#1047,.F.);
#1905 = ORIENTED_EDGE('',*,*,#1899,.F.);
#1906 = CYLINDRICAL_SURFACE('',#1907,0.75);
#1907 = AXIS2_PLACEMENT_3D('',#1908,#1909,#1910);
#1908 = CARTESIAN_POINT('',(114.11,-58.96,-4.6E-02));
#1909 = DIRECTION('',(-0.,-0.,-1.));
#1910 = DIRECTION('',(-0.,-1.,0.));
#1911 = ADVANCED_FACE('',(#1912),#1923,.F.);
#1912 = FACE_BOUND('',#1913,.T.);
#1913 = EDGE_LOOP('',(#1914,#1915,#1921,#1922));
#1914 = ORIENTED_EDGE('',*,*,#262,.T.);
#1915 = ORIENTED_EDGE('',*,*,#1916,.T.);
#1916 = EDGE_CURVE('',#263,#1059,#1917,.T.);
#1917 = LINE('',#1918,#1919);
#1918 = CARTESIAN_POINT('',(117.92,-63.5,-4.6E-02));
#1919 = VECTOR('',#1920,1.);
#1920 = DIRECTION('',(0.,0.,1.));
#1921 = ORIENTED_EDGE('',*,*,#1058,.F.);
#1922 = ORIENTED_EDGE('',*,*,#1916,.F.);
#1923 = CYLINDRICAL_SURFACE('',#1924,2.);
#1924 = AXIS2_PLACEMENT_3D('',#1925,#1926,#1927);
#1925 = CARTESIAN_POINT('',(117.92,-61.5,-4.6E-02));
#1926 = DIRECTION('',(-0.,-0.,-1.));
#1927 = DIRECTION('',(-0.,-1.,0.));
#1928 = ADVANCED_FACE('',(#1929),#1940,.F.);
#1929 = FACE_BOUND('',#1930,.T.);
#1930 = EDGE_LOOP('',(#1931,#1932,#1938,#1939));
#1931 = ORIENTED_EDGE('',*,*,#273,.T.);
#1932 = ORIENTED_EDGE('',*,*,#1933,.T.);
#1933 = EDGE_CURVE('',#274,#1070,#1934,.T.);
#1934 = LINE('',#1935,#1936);
#1935 = CARTESIAN_POINT('',(123.,-62.35,-4.6E-02));
#1936 = VECTOR('',#1937,1.);
#1937 = DIRECTION('',(0.,0.,1.));
#1938 = ORIENTED_EDGE('',*,*,#1069,.F.);
#1939 = ORIENTED_EDGE('',*,*,#1933,.F.);
#1940 = CYLINDRICAL_SURFACE('',#1941,0.85);
#1941 = AXIS2_PLACEMENT_3D('',#1942,#1943,#1944);
#1942 = CARTESIAN_POINT('',(123.,-61.5,-4.6E-02));
#1943 = DIRECTION('',(-0.,-0.,-1.));
#1944 = DIRECTION('',(-0.,-1.,0.));
#1945 = ADVANCED_FACE('',(#1946),#1957,.F.);
#1946 = FACE_BOUND('',#1947,.T.);
#1947 = EDGE_LOOP('',(#1948,#1949,#1955,#1956));
#1948 = ORIENTED_EDGE('',*,*,#284,.T.);
#1949 = ORIENTED_EDGE('',*,*,#1950,.T.);
#1950 = EDGE_CURVE('',#285,#1081,#1951,.T.);
#1951 = LINE('',#1952,#1953);
#1952 = CARTESIAN_POINT('',(120.46,-57.17,-4.6E-02));
#1953 = VECTOR('',#1954,1.);
#1954 = DIRECTION('',(0.,0.,1.));
#1955 = ORIENTED_EDGE('',*,*,#1080,.F.);
#1956 = ORIENTED_EDGE('',*,*,#1950,.F.);
#1957 = CYLINDRICAL_SURFACE('',#1958,0.75);
#1958 = AXIS2_PLACEMENT_3D('',#1959,#1960,#1961);
#1959 = CARTESIAN_POINT('',(120.46,-56.42,-4.6E-02));
#1960 = DIRECTION('',(-0.,-0.,-1.));
#1961 = DIRECTION('',(-0.,-1.,0.));
#1962 = ADVANCED_FACE('',(#1963),#1979,.F.);
#1963 = FACE_BOUND('',#1964,.T.);
#1964 = EDGE_LOOP('',(#1965,#1971,#1972,#1978));
#1965 = ORIENTED_EDGE('',*,*,#1966,.T.);
#1966 = EDGE_CURVE('',#296,#1092,#1967,.T.);
#1967 = LINE('',#1968,#1969);
#1968 = CARTESIAN_POINT('',(135.249485,-56.477438,0.));
#1969 = VECTOR('',#1970,1.);
#1970 = DIRECTION('',(0.,0.,1.));
#1971 = ORIENTED_EDGE('',*,*,#1091,.T.);
#1972 = ORIENTED_EDGE('',*,*,#1973,.F.);
#1973 = EDGE_CURVE('',#298,#1094,#1974,.T.);
#1974 = LINE('',#1975,#1976);
#1975 = CARTESIAN_POINT('',(134.546712,-55.82886,0.));
#1976 = VECTOR('',#1977,1.);
#1977 = DIRECTION('',(0.,0.,1.));
#1978 = ORIENTED_EDGE('',*,*,#295,.F.);
#1979 = CYLINDRICAL_SURFACE('',#1980,0.499999422661);
#1980 = AXIS2_PLACEMENT_3D('',#1981,#1982,#1983);
#1981 = CARTESIAN_POINT('',(134.79897029551,-56.26056033009,0.));
#1982 = DIRECTION('',(-0.,-0.,-1.));
#1983 = DIRECTION('',(0.901030449374,-0.433755840654,0.));
#1984 = ADVANCED_FACE('',(#1985),#1996,.T.);
#1985 = FACE_BOUND('',#1986,.T.);
#1986 = EDGE_LOOP('',(#1987,#1993,#1994,#1995));
#1987 = ORIENTED_EDGE('',*,*,#1988,.T.);
#1988 = EDGE_CURVE('',#307,#1103,#1989,.T.);
#1989 = LINE('',#1990,#1991);
#1990 = CARTESIAN_POINT('',(135.2,-56.694315,0.));
#1991 = VECTOR('',#1992,1.);
#1992 = DIRECTION('',(0.,0.,1.));
#1993 = ORIENTED_EDGE('',*,*,#1102,.T.);
#1994 = ORIENTED_EDGE('',*,*,#1966,.F.);
#1995 = ORIENTED_EDGE('',*,*,#306,.F.);
#1996 = CYLINDRICAL_SURFACE('',#1997,0.499989884978);
#1997 = AXIS2_PLACEMENT_3D('',#1998,#1999,#2000);
#1998 = CARTESIAN_POINT('',(135.69998988497,-56.69431407911,0.));
#1999 = DIRECTION('',(0.,0.,-1.));
#2000 = DIRECTION('',(-0.999999999998,-1.841808638835E-06,-0.));
#2001 = ADVANCED_FACE('',(#2002),#2013,.T.);
#2002 = FACE_BOUND('',#2003,.T.);
#2003 = EDGE_LOOP('',(#2004,#2005,#2006,#2012));
#2004 = ORIENTED_EDGE('',*,*,#1973,.T.);
#2005 = ORIENTED_EDGE('',*,*,#1224,.T.);
#2006 = ORIENTED_EDGE('',*,*,#2007,.F.);
#2007 = EDGE_CURVE('',#421,#1217,#2008,.T.);
#2008 = LINE('',#2009,#2010);
#2009 = CARTESIAN_POINT('',(134.294454,-55.897159,0.));
#2010 = VECTOR('',#2011,1.);
#2011 = DIRECTION('',(0.,0.,1.));
#2012 = ORIENTED_EDGE('',*,*,#428,.F.);
#2013 = CYLINDRICAL_SURFACE('',#2014,0.500008729288);
#2014 = AXIS2_PLACEMENT_3D('',#2015,#2016,#2017);
#2015 = CARTESIAN_POINT('',(134.29445134312,-55.39715027071,0.));
#2016 = DIRECTION('',(0.,0.,-1.));
#2017 = DIRECTION('',(0.504512505685,-0.863404384751,0.));
#2018 = ADVANCED_FACE('',(#2019),#2030,.T.);
#2019 = FACE_BOUND('',#2020,.T.);
#2020 = EDGE_LOOP('',(#2021,#2027,#2028,#2029));
#2021 = ORIENTED_EDGE('',*,*,#2022,.T.);
#2022 = EDGE_CURVE('',#316,#1112,#2023,.T.);
#2023 = LINE('',#2024,#2025);
#2024 = CARTESIAN_POINT('',(135.2,-58.1,0.));
#2025 = VECTOR('',#2026,1.);
#2026 = DIRECTION('',(0.,0.,1.));
#2027 = ORIENTED_EDGE('',*,*,#1111,.T.);
#2028 = ORIENTED_EDGE('',*,*,#1988,.F.);
#2029 = ORIENTED_EDGE('',*,*,#315,.F.);
#2030 = PLANE('',#2031);
#2031 = AXIS2_PLACEMENT_3D('',#2032,#2033,#2034);
#2032 = CARTESIAN_POINT('',(135.2,-58.1,0.));
#2033 = DIRECTION('',(-1.,0.,0.));
#2034 = DIRECTION('',(0.,1.,0.));
#2035 = ADVANCED_FACE('',(#2036),#2047,.T.);
#2036 = FACE_BOUND('',#2037,.T.);
#2037 = EDGE_LOOP('',(#2038,#2039,#2040,#2046));
#2038 = ORIENTED_EDGE('',*,*,#2007,.T.);
#2039 = ORIENTED_EDGE('',*,*,#1216,.T.);
#2040 = ORIENTED_EDGE('',*,*,#2041,.F.);
#2041 = EDGE_CURVE('',#412,#1208,#2042,.T.);
#2042 = LINE('',#2043,#2044);
#2043 = CARTESIAN_POINT('',(132.705549,-55.897159,0.));
#2044 = VECTOR('',#2045,1.);
#2045 = DIRECTION('',(0.,0.,1.));
#2046 = ORIENTED_EDGE('',*,*,#420,.F.);
#2047 = PLANE('',#2048);
#2048 = AXIS2_PLACEMENT_3D('',#2049,#2050,#2051);
#2049 = CARTESIAN_POINT('',(134.294454,-55.897159,0.));
#2050 = DIRECTION('',(0.,-1.,0.));
#2051 = DIRECTION('',(-1.,0.,0.));
#2052 = ADVANCED_FACE('',(#2053),#2064,.T.);
#2053 = FACE_BOUND('',#2054,.T.);
#2054 = EDGE_LOOP('',(#2055,#2061,#2062,#2063));
#2055 = ORIENTED_EDGE('',*,*,#2056,.T.);
#2056 = EDGE_CURVE('',#324,#1120,#2057,.T.);
#2057 = LINE('',#2058,#2059);
#2058 = CARTESIAN_POINT('',(135.249485,-58.316878,0.));
#2059 = VECTOR('',#2060,1.);
#2060 = DIRECTION('',(0.,0.,1.));
#2061 = ORIENTED_EDGE('',*,*,#1119,.T.);
#2062 = ORIENTED_EDGE('',*,*,#2022,.F.);
#2063 = ORIENTED_EDGE('',*,*,#323,.F.);
#2064 = CYLINDRICAL_SURFACE('',#2065,0.499989885034);
#2065 = AXIS2_PLACEMENT_3D('',#2066,#2067,#2068);
#2066 = CARTESIAN_POINT('',(135.69998988503,-58.10000192086,0.));
#2067 = DIRECTION('',(0.,0.,-1.));
#2068 = DIRECTION('',(-0.901027997796,-0.43376093322,-0.));
#2069 = ADVANCED_FACE('',(#2070),#2081,.T.);
#2070 = FACE_BOUND('',#2071,.T.);
#2071 = EDGE_LOOP('',(#2072,#2073,#2074,#2080));
#2072 = ORIENTED_EDGE('',*,*,#2041,.T.);
#2073 = ORIENTED_EDGE('',*,*,#1207,.T.);
#2074 = ORIENTED_EDGE('',*,*,#2075,.F.);
#2075 = EDGE_CURVE('',#403,#1199,#2076,.T.);
#2076 = LINE('',#2077,#2078);
#2077 = CARTESIAN_POINT('',(132.45329,-55.828859,0.));
#2078 = VECTOR('',#2079,1.);
#2079 = DIRECTION('',(0.,0.,1.));
#2080 = ORIENTED_EDGE('',*,*,#411,.F.);
#2081 = CYLINDRICAL_SURFACE('',#2082,0.50002311711);
#2082 = AXIS2_PLACEMENT_3D('',#2083,#2084,#2085);
#2083 = CARTESIAN_POINT('',(132.70555626378,-55.39713588294,0.));
#2084 = DIRECTION('',(0.,0.,-1.));
#2085 = DIRECTION('',(-1.452689340292E-05,-0.999999999894,-0.));
#2086 = ADVANCED_FACE('',(#2087),#2098,.F.);
#2087 = FACE_BOUND('',#2088,.T.);
#2088 = EDGE_LOOP('',(#2089,#2095,#2096,#2097));
#2089 = ORIENTED_EDGE('',*,*,#2090,.T.);
#2090 = EDGE_CURVE('',#333,#1129,#2091,.T.);
#2091 = LINE('',#2092,#2093);
#2092 = CARTESIAN_POINT('',(134.546712,-58.965457,0.));
#2093 = VECTOR('',#2094,1.);
#2094 = DIRECTION('',(0.,0.,1.));
#2095 = ORIENTED_EDGE('',*,*,#1128,.T.);
#2096 = ORIENTED_EDGE('',*,*,#2056,.F.);
#2097 = ORIENTED_EDGE('',*,*,#332,.F.);
#2098 = CYLINDRICAL_SURFACE('',#2099,0.499999448976);
#2099 = AXIS2_PLACEMENT_3D('',#2100,#2101,#2102);
#2100 = CARTESIAN_POINT('',(134.79897090428,-58.53375699515,0.));
#2101 = DIRECTION('',(-0.,-0.,-1.));
#2102 = DIRECTION('',(-0.504518364574,-0.863400961204,0.));
#2103 = ADVANCED_FACE('',(#2104),#2115,.F.);
#2104 = FACE_BOUND('',#2105,.T.);
#2105 = EDGE_LOOP('',(#2106,#2107,#2108,#2114));
#2106 = ORIENTED_EDGE('',*,*,#2075,.T.);
#2107 = ORIENTED_EDGE('',*,*,#1198,.T.);
#2108 = ORIENTED_EDGE('',*,*,#2109,.F.);
#2109 = EDGE_CURVE('',#394,#1190,#2110,.T.);
#2110 = LINE('',#2111,#2112);
#2111 = CARTESIAN_POINT('',(131.750517,-56.477438,0.));
#2112 = VECTOR('',#2113,1.);
#2113 = DIRECTION('',(0.,0.,1.));
#2114 = ORIENTED_EDGE('',*,*,#402,.F.);
#2115 = CYLINDRICAL_SURFACE('',#2116,0.499999729127);
#2116 = AXIS2_PLACEMENT_3D('',#2117,#2118,#2119);
#2117 = CARTESIAN_POINT('',(132.20103174567,-56.26055970911,0.));
#2118 = DIRECTION('',(-0.,-0.,-1.));
#2119 = DIRECTION('',(0.504516781969,0.863401885979,-0.));
#2120 = ADVANCED_FACE('',(#2121),#2132,.T.);
#2121 = FACE_BOUND('',#2122,.T.);
#2122 = EDGE_LOOP('',(#2123,#2129,#2130,#2131));
#2123 = ORIENTED_EDGE('',*,*,#2124,.T.);
#2124 = EDGE_CURVE('',#342,#1138,#2125,.T.);
#2125 = LINE('',#2126,#2127);
#2126 = CARTESIAN_POINT('',(134.294453,-58.897158,0.));
#2127 = VECTOR('',#2128,1.);
#2128 = DIRECTION('',(0.,0.,1.));
#2129 = ORIENTED_EDGE('',*,*,#1137,.T.);
#2130 = ORIENTED_EDGE('',*,*,#2090,.F.);
#2131 = ORIENTED_EDGE('',*,*,#341,.F.);
#2132 = CYLINDRICAL_SURFACE('',#2133,0.500008729226);
#2133 = AXIS2_PLACEMENT_3D('',#2134,#2135,#2136);
#2134 = CARTESIAN_POINT('',(134.29445134314,-59.39716672922,0.));
#2135 = DIRECTION('',(0.,0.,-1.));
#2136 = DIRECTION('',(3.313649373871E-06,0.999999999995,0.));
#2137 = ADVANCED_FACE('',(#2138),#2149,.T.);
#2138 = FACE_BOUND('',#2139,.T.);
#2139 = EDGE_LOOP('',(#2140,#2141,#2142,#2148));
#2140 = ORIENTED_EDGE('',*,*,#2109,.T.);
#2141 = ORIENTED_EDGE('',*,*,#1189,.T.);
#2142 = ORIENTED_EDGE('',*,*,#2143,.F.);
#2143 = EDGE_CURVE('',#386,#1182,#2144,.T.);
#2144 = LINE('',#2145,#2146);
#2145 = CARTESIAN_POINT('',(131.800002,-56.694316,0.));
#2146 = VECTOR('',#2147,1.);
#2147 = DIRECTION('',(0.,0.,1.));
#2148 = ORIENTED_EDGE('',*,*,#393,.F.);
#2149 = CYLINDRICAL_SURFACE('',#2150,0.499989885034);
#2150 = AXIS2_PLACEMENT_3D('',#2151,#2152,#2153);
#2151 = CARTESIAN_POINT('',(131.30001211496,-56.69431407913,0.));
#2152 = DIRECTION('',(0.,0.,-1.));
#2153 = DIRECTION('',(0.901027997796,0.43376093322,0.));
#2154 = ADVANCED_FACE('',(#2155),#2166,.T.);
#2155 = FACE_BOUND('',#2156,.T.);
#2156 = EDGE_LOOP('',(#2157,#2163,#2164,#2165));
#2157 = ORIENTED_EDGE('',*,*,#2158,.T.);
#2158 = EDGE_CURVE('',#351,#1147,#2159,.T.);
#2159 = LINE('',#2160,#2161);
#2160 = CARTESIAN_POINT('',(132.705549,-58.897158,0.));
#2161 = VECTOR('',#2162,1.);
#2162 = DIRECTION('',(0.,0.,1.));
#2163 = ORIENTED_EDGE('',*,*,#1146,.T.);
#2164 = ORIENTED_EDGE('',*,*,#2124,.F.);
#2165 = ORIENTED_EDGE('',*,*,#350,.F.);
#2166 = PLANE('',#2167);
#2167 = AXIS2_PLACEMENT_3D('',#2168,#2169,#2170);
#2168 = CARTESIAN_POINT('',(132.705549,-58.897158,0.));
#2169 = DIRECTION('',(0.,1.,0.));
#2170 = DIRECTION('',(1.,0.,0.));
#2171 = ADVANCED_FACE('',(#2172),#2183,.T.);
#2172 = FACE_BOUND('',#2173,.T.);
#2173 = EDGE_LOOP('',(#2174,#2175,#2176,#2182));
#2174 = ORIENTED_EDGE('',*,*,#2143,.T.);
#2175 = ORIENTED_EDGE('',*,*,#1181,.T.);
#2176 = ORIENTED_EDGE('',*,*,#2177,.F.);
#2177 = EDGE_CURVE('',#377,#1173,#2178,.T.);
#2178 = LINE('',#2179,#2180);
#2179 = CARTESIAN_POINT('',(131.800002,-58.100001,0.));
#2180 = VECTOR('',#2181,1.);
#2181 = DIRECTION('',(0.,0.,1.));
#2182 = ORIENTED_EDGE('',*,*,#385,.F.);
#2183 = PLANE('',#2184);
#2184 = AXIS2_PLACEMENT_3D('',#2185,#2186,#2187);
#2185 = CARTESIAN_POINT('',(131.800002,-56.694316,0.));
#2186 = DIRECTION('',(1.,0.,-0.));
#2187 = DIRECTION('',(0.,-1.,0.));
#2188 = ADVANCED_FACE('',(#2189),#2200,.T.);
#2189 = FACE_BOUND('',#2190,.T.);
#2190 = EDGE_LOOP('',(#2191,#2197,#2198,#2199));
#2191 = ORIENTED_EDGE('',*,*,#2192,.T.);
#2192 = EDGE_CURVE('',#359,#1155,#2193,.T.);
#2193 = LINE('',#2194,#2195);
#2194 = CARTESIAN_POINT('',(132.453291,-58.965457,0.));
#2195 = VECTOR('',#2196,1.);
#2196 = DIRECTION('',(0.,0.,1.));
#2197 = ORIENTED_EDGE('',*,*,#1154,.T.);
#2198 = ORIENTED_EDGE('',*,*,#2158,.F.);
#2199 = ORIENTED_EDGE('',*,*,#358,.F.);
#2200 = CYLINDRICAL_SURFACE('',#2201,0.500008729288);
#2201 = AXIS2_PLACEMENT_3D('',#2202,#2203,#2204);
#2202 = CARTESIAN_POINT('',(132.70555165687,-59.39716672928,0.));
#2203 = DIRECTION('',(0.,0.,-1.));
#2204 = DIRECTION('',(-0.504512505685,0.863404384751,0.));
#2205 = ADVANCED_FACE('',(#2206),#2217,.T.);
#2206 = FACE_BOUND('',#2207,.T.);
#2207 = EDGE_LOOP('',(#2208,#2209,#2210,#2216));
#2208 = ORIENTED_EDGE('',*,*,#2177,.T.);
#2209 = ORIENTED_EDGE('',*,*,#1172,.T.);
#2210 = ORIENTED_EDGE('',*,*,#2211,.F.);
#2211 = EDGE_CURVE('',#368,#1164,#2212,.T.);
#2212 = LINE('',#2213,#2214);
#2213 = CARTESIAN_POINT('',(131.750517,-58.316878,0.));
#2214 = VECTOR('',#2215,1.);
#2215 = DIRECTION('',(0.,0.,1.));
#2216 = ORIENTED_EDGE('',*,*,#376,.F.);
#2217 = CYLINDRICAL_SURFACE('',#2218,0.499989884978);
#2218 = AXIS2_PLACEMENT_3D('',#2219,#2220,#2221);
#2219 = CARTESIAN_POINT('',(131.30001211502,-58.10000192088,0.));
#2220 = DIRECTION('',(0.,0.,-1.));
#2221 = DIRECTION('',(0.999999999998,1.841808624623E-06,0.));
#2222 = ADVANCED_FACE('',(#2223),#2229,.F.);
#2223 = FACE_BOUND('',#2224,.T.);
#2224 = EDGE_LOOP('',(#2225,#2226,#2227,#2228));
#2225 = ORIENTED_EDGE('',*,*,#2211,.T.);
#2226 = ORIENTED_EDGE('',*,*,#1163,.T.);
#2227 = ORIENTED_EDGE('',*,*,#2192,.F.);
#2228 = ORIENTED_EDGE('',*,*,#367,.F.);
#2229 = CYLINDRICAL_SURFACE('',#2230,0.500000669307);
#2230 = AXIS2_PLACEMENT_3D('',#2231,#2232,#2233);
#2231 = CARTESIAN_POINT('',(132.2010335355,-58.53375474043,0.));
#2232 = DIRECTION('',(-0.,-0.,-1.));
#2233 = DIRECTION('',(-0.901031864884,0.433752900236,0.));
#2234 = ADVANCED_FACE('',(#2235),#2246,.F.);
#2235 = FACE_BOUND('',#2236,.T.);
#2236 = EDGE_LOOP('',(#2237,#2238,#2244,#2245));
#2237 = ORIENTED_EDGE('',*,*,#437,.T.);
#2238 = ORIENTED_EDGE('',*,*,#2239,.T.);
#2239 = EDGE_CURVE('',#438,#1234,#2240,.T.);
#2240 = LINE('',#2241,#2242);
#2241 = CARTESIAN_POINT('',(142.39,-81.39,-4.6E-02));
#2242 = VECTOR('',#2243,1.);
#2243 = DIRECTION('',(0.,0.,1.));
#2244 = ORIENTED_EDGE('',*,*,#1233,.F.);
#2245 = ORIENTED_EDGE('',*,*,#2239,.F.);
#2246 = CYLINDRICAL_SURFACE('',#2247,0.85);
#2247 = AXIS2_PLACEMENT_3D('',#2248,#2249,#2250);
#2248 = CARTESIAN_POINT('',(142.39,-80.54,-4.6E-02));
#2249 = DIRECTION('',(-0.,-0.,-1.));
#2250 = DIRECTION('',(-0.,-1.,0.));
#2251 = ADVANCED_FACE('',(#2252),#2263,.F.);
#2252 = FACE_BOUND('',#2253,.T.);
#2253 = EDGE_LOOP('',(#2254,#2255,#2261,#2262));
#2254 = ORIENTED_EDGE('',*,*,#448,.T.);
#2255 = ORIENTED_EDGE('',*,*,#2256,.T.);
#2256 = EDGE_CURVE('',#449,#1245,#2257,.T.);
#2257 = LINE('',#2258,#2259);
#2258 = CARTESIAN_POINT('',(151.42,-81.35,-4.6E-02));
#2259 = VECTOR('',#2260,1.);
#2260 = DIRECTION('',(0.,0.,1.));
#2261 = ORIENTED_EDGE('',*,*,#1244,.F.);
#2262 = ORIENTED_EDGE('',*,*,#2256,.F.);
#2263 = CYLINDRICAL_SURFACE('',#2264,0.85);
#2264 = AXIS2_PLACEMENT_3D('',#2265,#2266,#2267);
#2265 = CARTESIAN_POINT('',(151.42,-80.5,-4.6E-02));
#2266 = DIRECTION('',(-0.,-0.,-1.));
#2267 = DIRECTION('',(-3.343730521224E-14,-1.,0.));
#2268 = ADVANCED_FACE('',(#2269),#2280,.F.);
#2269 = FACE_BOUND('',#2270,.T.);
#2270 = EDGE_LOOP('',(#2271,#2272,#2278,#2279));
#2271 = ORIENTED_EDGE('',*,*,#459,.T.);
#2272 = ORIENTED_EDGE('',*,*,#2273,.T.);
#2273 = EDGE_CURVE('',#460,#1256,#2274,.T.);
#2274 = LINE('',#2275,#2276);
#2275 = CARTESIAN_POINT('',(152.69,-78.71,-4.6E-02));
#2276 = VECTOR('',#2277,1.);
#2277 = DIRECTION('',(0.,0.,1.));
#2278 = ORIENTED_EDGE('',*,*,#1255,.F.);
#2279 = ORIENTED_EDGE('',*,*,#2273,.F.);
#2280 = CYLINDRICAL_SURFACE('',#2281,0.75);
#2281 = AXIS2_PLACEMENT_3D('',#2282,#2283,#2284);
#2282 = CARTESIAN_POINT('',(152.69,-77.96,-4.6E-02));
#2283 = DIRECTION('',(-0.,-0.,-1.));
#2284 = DIRECTION('',(-0.,-1.,0.));
#2285 = ADVANCED_FACE('',(#2286),#2297,.F.);
#2286 = FACE_BOUND('',#2287,.T.);
#2287 = EDGE_LOOP('',(#2288,#2289,#2295,#2296));
#2288 = ORIENTED_EDGE('',*,*,#470,.T.);
#2289 = ORIENTED_EDGE('',*,*,#2290,.T.);
#2290 = EDGE_CURVE('',#471,#1267,#2291,.T.);
#2291 = LINE('',#2292,#2293);
#2292 = CARTESIAN_POINT('',(139.85,-76.21,-4.6E-02));
#2293 = VECTOR('',#2294,1.);
#2294 = DIRECTION('',(0.,0.,1.));
#2295 = ORIENTED_EDGE('',*,*,#1266,.F.);
#2296 = ORIENTED_EDGE('',*,*,#2290,.F.);
#2297 = CYLINDRICAL_SURFACE('',#2298,0.75);
#2298 = AXIS2_PLACEMENT_3D('',#2299,#2300,#2301);
#2299 = CARTESIAN_POINT('',(139.85,-75.46,-4.6E-02));
#2300 = DIRECTION('',(-0.,-0.,-1.));
#2301 = DIRECTION('',(-0.,-1.,0.));
#2302 = ADVANCED_FACE('',(#2303),#2314,.F.);
#2303 = FACE_BOUND('',#2304,.T.);
#2304 = EDGE_LOOP('',(#2305,#2306,#2312,#2313));
#2305 = ORIENTED_EDGE('',*,*,#481,.T.);
#2306 = ORIENTED_EDGE('',*,*,#2307,.T.);
#2307 = EDGE_CURVE('',#482,#1278,#2308,.T.);
#2308 = LINE('',#2309,#2310);
#2309 = CARTESIAN_POINT('',(156.5,-82.5,-4.6E-02));
#2310 = VECTOR('',#2311,1.);
#2311 = DIRECTION('',(0.,0.,1.));
#2312 = ORIENTED_EDGE('',*,*,#1277,.F.);
#2313 = ORIENTED_EDGE('',*,*,#2307,.F.);
#2314 = CYLINDRICAL_SURFACE('',#2315,2.);
#2315 = AXIS2_PLACEMENT_3D('',#2316,#2317,#2318);
#2316 = CARTESIAN_POINT('',(156.5,-80.5,-4.6E-02));
#2317 = DIRECTION('',(-0.,-0.,-1.));
#2318 = DIRECTION('',(-0.,-1.,0.));
#2319 = ADVANCED_FACE('',(#2320),#2331,.F.);
#2320 = FACE_BOUND('',#2321,.T.);
#2321 = EDGE_LOOP('',(#2322,#2323,#2329,#2330));
#2322 = ORIENTED_EDGE('',*,*,#492,.T.);
#2323 = ORIENTED_EDGE('',*,*,#2324,.T.);
#2324 = EDGE_CURVE('',#493,#1289,#2325,.T.);
#2325 = LINE('',#2326,#2327);
#2326 = CARTESIAN_POINT('',(161.58,-81.35,-4.6E-02));
#2327 = VECTOR('',#2328,1.);
#2328 = DIRECTION('',(0.,0.,1.));
#2329 = ORIENTED_EDGE('',*,*,#1288,.F.);
#2330 = ORIENTED_EDGE('',*,*,#2324,.F.);
#2331 = CYLINDRICAL_SURFACE('',#2332,0.85);
#2332 = AXIS2_PLACEMENT_3D('',#2333,#2334,#2335);
#2333 = CARTESIAN_POINT('',(161.58,-80.5,-4.6E-02));
#2334 = DIRECTION('',(-0.,0.,-1.));
#2335 = DIRECTION('',(3.343730521224E-14,-1.,-0.));
#2336 = ADVANCED_FACE('',(#2337),#2348,.F.);
#2337 = FACE_BOUND('',#2338,.T.);
#2338 = EDGE_LOOP('',(#2339,#2340,#2346,#2347));
#2339 = ORIENTED_EDGE('',*,*,#503,.T.);
#2340 = ORIENTED_EDGE('',*,*,#2341,.T.);
#2341 = EDGE_CURVE('',#504,#1300,#2342,.T.);
#2342 = LINE('',#2343,#2344);
#2343 = CARTESIAN_POINT('',(159.04,-76.17,-4.6E-02));
#2344 = VECTOR('',#2345,1.);
#2345 = DIRECTION('',(0.,0.,1.));
#2346 = ORIENTED_EDGE('',*,*,#1299,.F.);
#2347 = ORIENTED_EDGE('',*,*,#2341,.F.);
#2348 = CYLINDRICAL_SURFACE('',#2349,0.75);
#2349 = AXIS2_PLACEMENT_3D('',#2350,#2351,#2352);
#2350 = CARTESIAN_POINT('',(159.04,-75.42,-4.6E-02));
#2351 = DIRECTION('',(-0.,-0.,-1.));
#2352 = DIRECTION('',(-0.,-1.,0.));
#2353 = ADVANCED_FACE('',(#2354),#2365,.F.);
#2354 = FACE_BOUND('',#2355,.T.);
#2355 = EDGE_LOOP('',(#2356,#2357,#2363,#2364));
#2356 = ORIENTED_EDGE('',*,*,#514,.T.);
#2357 = ORIENTED_EDGE('',*,*,#2358,.T.);
#2358 = EDGE_CURVE('',#515,#1311,#2359,.T.);
#2359 = LINE('',#2360,#2361);
#2360 = CARTESIAN_POINT('',(153.88,-65.75,-4.6E-02));
#2361 = VECTOR('',#2362,1.);
#2362 = DIRECTION('',(0.,0.,1.));
#2363 = ORIENTED_EDGE('',*,*,#1310,.F.);
#2364 = ORIENTED_EDGE('',*,*,#2358,.F.);
#2365 = CYLINDRICAL_SURFACE('',#2366,0.5);
#2366 = AXIS2_PLACEMENT_3D('',#2367,#2368,#2369);
#2367 = CARTESIAN_POINT('',(153.88,-65.25,-4.6E-02));
#2368 = DIRECTION('',(-0.,-0.,-1.));
#2369 = DIRECTION('',(-0.,-1.,0.));
#2370 = ADVANCED_FACE('',(#2371),#2387,.F.);
#2371 = FACE_BOUND('',#2372,.T.);
#2372 = EDGE_LOOP('',(#2373,#2379,#2380,#2386));
#2373 = ORIENTED_EDGE('',*,*,#2374,.T.);
#2374 = EDGE_CURVE('',#526,#1322,#2375,.T.);
#2375 = LINE('',#2376,#2377);
#2376 = CARTESIAN_POINT('',(143.353289,-55.828859,0.));
#2377 = VECTOR('',#2378,1.);
#2378 = DIRECTION('',(0.,0.,1.));
#2379 = ORIENTED_EDGE('',*,*,#1321,.T.);
#2380 = ORIENTED_EDGE('',*,*,#2381,.F.);
#2381 = EDGE_CURVE('',#528,#1324,#2382,.T.);
#2382 = LINE('',#2383,#2384);
#2383 = CARTESIAN_POINT('',(142.650516,-56.477438,0.));
#2384 = VECTOR('',#2385,1.);
#2385 = DIRECTION('',(0.,0.,1.));
#2386 = ORIENTED_EDGE('',*,*,#525,.F.);
#2387 = CYLINDRICAL_SURFACE('',#2388,0.499999729127);
#2388 = AXIS2_PLACEMENT_3D('',#2389,#2390,#2391);
#2389 = CARTESIAN_POINT('',(143.10103074567,-56.26055970911,0.));
#2390 = DIRECTION('',(-0.,-0.,-1.));
#2391 = DIRECTION('',(0.504516781968,0.863401885979,-0.));
#2392 = ADVANCED_FACE('',(#2393),#2404,.T.);
#2393 = FACE_BOUND('',#2394,.T.);
#2394 = EDGE_LOOP('',(#2395,#2401,#2402,#2403));
#2395 = ORIENTED_EDGE('',*,*,#2396,.T.);
#2396 = EDGE_CURVE('',#537,#1333,#2397,.T.);
#2397 = LINE('',#2398,#2399);
#2398 = CARTESIAN_POINT('',(143.605548,-55.897159,0.));
#2399 = VECTOR('',#2400,1.);
#2400 = DIRECTION('',(0.,0.,1.));
#2401 = ORIENTED_EDGE('',*,*,#1332,.T.);
#2402 = ORIENTED_EDGE('',*,*,#2374,.F.);
#2403 = ORIENTED_EDGE('',*,*,#536,.F.);
#2404 = CYLINDRICAL_SURFACE('',#2405,0.50002311711);
#2405 = AXIS2_PLACEMENT_3D('',#2406,#2407,#2408);
#2406 = CARTESIAN_POINT('',(143.60555526378,-55.39713588294,0.));
#2407 = DIRECTION('',(0.,0.,-1.));
#2408 = DIRECTION('',(-1.452689328924E-05,-0.999999999894,-0.));
#2409 = ADVANCED_FACE('',(#2410),#2421,.T.);
#2410 = FACE_BOUND('',#2411,.T.);
#2411 = EDGE_LOOP('',(#2412,#2413,#2414,#2420));
#2412 = ORIENTED_EDGE('',*,*,#2381,.T.);
#2413 = ORIENTED_EDGE('',*,*,#1454,.T.);
#2414 = ORIENTED_EDGE('',*,*,#2415,.F.);
#2415 = EDGE_CURVE('',#651,#1447,#2416,.T.);
#2416 = LINE('',#2417,#2418);
#2417 = CARTESIAN_POINT('',(142.700001,-56.694316,0.));
#2418 = VECTOR('',#2419,1.);
#2419 = DIRECTION('',(0.,0.,1.));
#2420 = ORIENTED_EDGE('',*,*,#658,.F.);
#2421 = CYLINDRICAL_SURFACE('',#2422,0.499989885034);
#2422 = AXIS2_PLACEMENT_3D('',#2423,#2424,#2425);
#2423 = CARTESIAN_POINT('',(142.20001111497,-56.69431407913,0.));
#2424 = DIRECTION('',(0.,0.,-1.));
#2425 = DIRECTION('',(0.901027997796,0.43376093322,0.));
#2426 = ADVANCED_FACE('',(#2427),#2438,.T.);
#2427 = FACE_BOUND('',#2428,.T.);
#2428 = EDGE_LOOP('',(#2429,#2435,#2436,#2437));
#2429 = ORIENTED_EDGE('',*,*,#2430,.T.);
#2430 = EDGE_CURVE('',#546,#1342,#2431,.T.);
#2431 = LINE('',#2432,#2433);
#2432 = CARTESIAN_POINT('',(145.194453,-55.897159,0.));
#2433 = VECTOR('',#2434,1.);
#2434 = DIRECTION('',(0.,0.,1.));
#2435 = ORIENTED_EDGE('',*,*,#1341,.T.);
#2436 = ORIENTED_EDGE('',*,*,#2396,.F.);
#2437 = ORIENTED_EDGE('',*,*,#545,.F.);
#2438 = PLANE('',#2439);
#2439 = AXIS2_PLACEMENT_3D('',#2440,#2441,#2442);
#2440 = CARTESIAN_POINT('',(145.194453,-55.897159,0.));
#2441 = DIRECTION('',(0.,-1.,0.));
#2442 = DIRECTION('',(-1.,0.,0.));
#2443 = ADVANCED_FACE('',(#2444),#2455,.T.);
#2444 = FACE_BOUND('',#2445,.T.);
#2445 = EDGE_LOOP('',(#2446,#2447,#2448,#2454));
#2446 = ORIENTED_EDGE('',*,*,#2415,.T.);
#2447 = ORIENTED_EDGE('',*,*,#1446,.T.);
#2448 = ORIENTED_EDGE('',*,*,#2449,.F.);
#2449 = EDGE_CURVE('',#642,#1438,#2450,.T.);
#2450 = LINE('',#2451,#2452);
#2451 = CARTESIAN_POINT('',(142.700001,-58.1,0.));
#2452 = VECTOR('',#2453,1.);
#2453 = DIRECTION('',(0.,0.,1.));
#2454 = ORIENTED_EDGE('',*,*,#650,.F.);
#2455 = PLANE('',#2456);
#2456 = AXIS2_PLACEMENT_3D('',#2457,#2458,#2459);
#2457 = CARTESIAN_POINT('',(142.700001,-56.694316,0.));
#2458 = DIRECTION('',(1.,0.,-0.));
#2459 = DIRECTION('',(0.,-1.,0.));
#2460 = ADVANCED_FACE('',(#2461),#2472,.T.);
#2461 = FACE_BOUND('',#2462,.T.);
#2462 = EDGE_LOOP('',(#2463,#2469,#2470,#2471));
#2463 = ORIENTED_EDGE('',*,*,#2464,.T.);
#2464 = EDGE_CURVE('',#554,#1350,#2465,.T.);
#2465 = LINE('',#2466,#2467);
#2466 = CARTESIAN_POINT('',(145.446711,-55.82886,0.));
#2467 = VECTOR('',#2468,1.);
#2468 = DIRECTION('',(0.,0.,1.));
#2469 = ORIENTED_EDGE('',*,*,#1349,.T.);
#2470 = ORIENTED_EDGE('',*,*,#2430,.F.);
#2471 = ORIENTED_EDGE('',*,*,#553,.F.);
#2472 = CYLINDRICAL_SURFACE('',#2473,0.500008729288);
#2473 = AXIS2_PLACEMENT_3D('',#2474,#2475,#2476);
#2474 = CARTESIAN_POINT('',(145.19445034312,-55.39715027071,0.));
#2475 = DIRECTION('',(0.,0.,-1.));
#2476 = DIRECTION('',(0.504512505685,-0.863404384751,0.));
#2477 = ADVANCED_FACE('',(#2478),#2489,.T.);
#2478 = FACE_BOUND('',#2479,.T.);
#2479 = EDGE_LOOP('',(#2480,#2481,#2482,#2488));
#2480 = ORIENTED_EDGE('',*,*,#2449,.T.);
#2481 = ORIENTED_EDGE('',*,*,#1437,.T.);
#2482 = ORIENTED_EDGE('',*,*,#2483,.F.);
#2483 = EDGE_CURVE('',#633,#1429,#2484,.T.);
#2484 = LINE('',#2485,#2486);
#2485 = CARTESIAN_POINT('',(142.650516,-58.316878,0.));
#2486 = VECTOR('',#2487,1.);
#2487 = DIRECTION('',(0.,0.,1.));
#2488 = ORIENTED_EDGE('',*,*,#641,.F.);
#2489 = CYLINDRICAL_SURFACE('',#2490,0.499989885034);
#2490 = AXIS2_PLACEMENT_3D('',#2491,#2492,#2493);
#2491 = CARTESIAN_POINT('',(142.20001111497,-58.10000192086,0.));
#2492 = DIRECTION('',(0.,0.,-1.));
#2493 = DIRECTION('',(0.999999999993,3.841811775802E-06,0.));
#2494 = ADVANCED_FACE('',(#2495),#2506,.F.);
#2495 = FACE_BOUND('',#2496,.T.);
#2496 = EDGE_LOOP('',(#2497,#2503,#2504,#2505));
#2497 = ORIENTED_EDGE('',*,*,#2498,.T.);
#2498 = EDGE_CURVE('',#563,#1359,#2499,.T.);
#2499 = LINE('',#2500,#2501);
#2500 = CARTESIAN_POINT('',(146.149484,-56.477438,0.));
#2501 = VECTOR('',#2502,1.);
#2502 = DIRECTION('',(0.,0.,1.));
#2503 = ORIENTED_EDGE('',*,*,#1358,.T.);
#2504 = ORIENTED_EDGE('',*,*,#2464,.F.);
#2505 = ORIENTED_EDGE('',*,*,#562,.F.);
#2506 = CYLINDRICAL_SURFACE('',#2507,0.499999422661);
#2507 = AXIS2_PLACEMENT_3D('',#2508,#2509,#2510);
#2508 = CARTESIAN_POINT('',(145.69896929551,-56.26056033009,0.));
#2509 = DIRECTION('',(-0.,-0.,-1.));
#2510 = DIRECTION('',(0.901030449374,-0.433755840654,0.));
#2511 = ADVANCED_FACE('',(#2512),#2523,.F.);
#2512 = FACE_BOUND('',#2513,.T.);
#2513 = EDGE_LOOP('',(#2514,#2515,#2516,#2522));
#2514 = ORIENTED_EDGE('',*,*,#2483,.T.);
#2515 = ORIENTED_EDGE('',*,*,#1428,.T.);
#2516 = ORIENTED_EDGE('',*,*,#2517,.F.);
#2517 = EDGE_CURVE('',#624,#1420,#2518,.T.);
#2518 = LINE('',#2519,#2520);
#2519 = CARTESIAN_POINT('',(143.353289,-58.965455,0.));
#2520 = VECTOR('',#2521,1.);
#2521 = DIRECTION('',(0.,0.,1.));
#2522 = ORIENTED_EDGE('',*,*,#632,.F.);
#2523 = CYLINDRICAL_SURFACE('',#2524,0.499999092786);
#2524 = AXIS2_PLACEMENT_3D('',#2525,#2526,#2527);
#2525 = CARTESIAN_POINT('',(143.10103060898,-58.53375510777,0.));
#2526 = DIRECTION('',(-0.,-0.,-1.));
#2527 = DIRECTION('',(-0.901030852831,0.43375500256,0.));
#2528 = ADVANCED_FACE('',(#2529),#2540,.T.);
#2529 = FACE_BOUND('',#2530,.T.);
#2530 = EDGE_LOOP('',(#2531,#2537,#2538,#2539));
#2531 = ORIENTED_EDGE('',*,*,#2532,.T.);
#2532 = EDGE_CURVE('',#572,#1368,#2533,.T.);
#2533 = LINE('',#2534,#2535);
#2534 = CARTESIAN_POINT('',(146.099999,-56.694316,0.));
#2535 = VECTOR('',#2536,1.);
#2536 = DIRECTION('',(0.,0.,1.));
#2537 = ORIENTED_EDGE('',*,*,#1367,.T.);
#2538 = ORIENTED_EDGE('',*,*,#2498,.F.);
#2539 = ORIENTED_EDGE('',*,*,#571,.F.);
#2540 = CYLINDRICAL_SURFACE('',#2541,0.499989885034);
#2541 = AXIS2_PLACEMENT_3D('',#2542,#2543,#2544);
#2542 = CARTESIAN_POINT('',(146.59998888503,-56.69431407913,0.));
#2543 = DIRECTION('',(0.,0.,-1.));
#2544 = DIRECTION('',(-0.999999999993,-3.841811406308E-06,-0.));
#2545 = ADVANCED_FACE('',(#2546),#2557,.T.);
#2546 = FACE_BOUND('',#2547,.T.);
#2547 = EDGE_LOOP('',(#2548,#2549,#2550,#2556));
#2548 = ORIENTED_EDGE('',*,*,#2517,.T.);
#2549 = ORIENTED_EDGE('',*,*,#1419,.T.);
#2550 = ORIENTED_EDGE('',*,*,#2551,.F.);
#2551 = EDGE_CURVE('',#616,#1412,#2552,.T.);
#2552 = LINE('',#2553,#2554);
#2553 = CARTESIAN_POINT('',(143.605548,-58.897158,0.));
#2554 = VECTOR('',#2555,1.);
#2555 = DIRECTION('',(0.,0.,1.));
#2556 = ORIENTED_EDGE('',*,*,#623,.F.);
#2557 = CYLINDRICAL_SURFACE('',#2558,0.500040834725);
#2558 = AXIS2_PLACEMENT_3D('',#2559,#2560,#2561);
#2559 = CARTESIAN_POINT('',(143.60555492637,-59.39719883467,0.));
#2560 = DIRECTION('',(0.,0.,-1.));
#2561 = DIRECTION('',(-0.50449065128,0.86341715455,0.));
#2562 = ADVANCED_FACE('',(#2563),#2574,.T.);
#2563 = FACE_BOUND('',#2564,.T.);
#2564 = EDGE_LOOP('',(#2565,#2571,#2572,#2573));
#2565 = ORIENTED_EDGE('',*,*,#2566,.T.);
#2566 = EDGE_CURVE('',#581,#1377,#2567,.T.);
#2567 = LINE('',#2568,#2569);
#2568 = CARTESIAN_POINT('',(146.099999,-58.1,0.));
#2569 = VECTOR('',#2570,1.);
#2570 = DIRECTION('',(0.,0.,1.));
#2571 = ORIENTED_EDGE('',*,*,#1376,.T.);
#2572 = ORIENTED_EDGE('',*,*,#2532,.F.);
#2573 = ORIENTED_EDGE('',*,*,#580,.F.);
#2574 = PLANE('',#2575);
#2575 = AXIS2_PLACEMENT_3D('',#2576,#2577,#2578);
#2576 = CARTESIAN_POINT('',(146.099999,-58.1,0.));
#2577 = DIRECTION('',(-1.,0.,0.));
#2578 = DIRECTION('',(0.,1.,0.));
#2579 = ADVANCED_FACE('',(#2580),#2591,.T.);
#2580 = FACE_BOUND('',#2581,.T.);
#2581 = EDGE_LOOP('',(#2582,#2583,#2584,#2590));
#2582 = ORIENTED_EDGE('',*,*,#2551,.T.);
#2583 = ORIENTED_EDGE('',*,*,#1411,.T.);
#2584 = ORIENTED_EDGE('',*,*,#2585,.F.);
#2585 = EDGE_CURVE('',#607,#1403,#2586,.T.);
#2586 = LINE('',#2587,#2588);
#2587 = CARTESIAN_POINT('',(145.194452,-58.897158,0.));
#2588 = VECTOR('',#2589,1.);
#2589 = DIRECTION('',(0.,0.,1.));
#2590 = ORIENTED_EDGE('',*,*,#615,.F.);
#2591 = PLANE('',#2592);
#2592 = AXIS2_PLACEMENT_3D('',#2593,#2594,#2595);
#2593 = CARTESIAN_POINT('',(143.605548,-58.897158,0.));
#2594 = DIRECTION('',(0.,1.,0.));
#2595 = DIRECTION('',(1.,0.,0.));
#2596 = ADVANCED_FACE('',(#2597),#2608,.T.);
#2597 = FACE_BOUND('',#2598,.T.);
#2598 = EDGE_LOOP('',(#2599,#2605,#2606,#2607));
#2599 = ORIENTED_EDGE('',*,*,#2600,.T.);
#2600 = EDGE_CURVE('',#589,#1385,#2601,.T.);
#2601 = LINE('',#2602,#2603);
#2602 = CARTESIAN_POINT('',(146.149484,-58.316877,0.));
#2603 = VECTOR('',#2604,1.);
#2604 = DIRECTION('',(0.,0.,1.));
#2605 = ORIENTED_EDGE('',*,*,#1384,.T.);
#2606 = ORIENTED_EDGE('',*,*,#2566,.F.);
#2607 = ORIENTED_EDGE('',*,*,#588,.F.);
#2608 = CYLINDRICAL_SURFACE('',#2609,0.49998122973);
#2609 = AXIS2_PLACEMENT_3D('',#2610,#2611,#2612);
#2610 = CARTESIAN_POINT('',(146.59998022972,-58.10000289576,0.));
#2611 = DIRECTION('',(0.,0.,-1.));
#2612 = DIRECTION('',(-0.901026284457,-0.433764492229,-0.));
#2613 = ADVANCED_FACE('',(#2614),#2625,.T.);
#2614 = FACE_BOUND('',#2615,.T.);
#2615 = EDGE_LOOP('',(#2616,#2617,#2618,#2624));
#2616 = ORIENTED_EDGE('',*,*,#2585,.T.);
#2617 = ORIENTED_EDGE('',*,*,#1402,.T.);
#2618 = ORIENTED_EDGE('',*,*,#2619,.F.);
#2619 = EDGE_CURVE('',#598,#1394,#2620,.T.);
#2620 = LINE('',#2621,#2622);
#2621 = CARTESIAN_POINT('',(145.446711,-58.965457,0.));
#2622 = VECTOR('',#2623,1.);
#2623 = DIRECTION('',(0.,0.,1.));
#2624 = ORIENTED_EDGE('',*,*,#606,.F.);
#2625 = CYLINDRICAL_SURFACE('',#2626,0.500008729226);
#2626 = AXIS2_PLACEMENT_3D('',#2627,#2628,#2629);
#2627 = CARTESIAN_POINT('',(145.19445034314,-59.39716672922,0.));
#2628 = DIRECTION('',(0.,0.,-1.));
#2629 = DIRECTION('',(3.313649373871E-06,0.999999999995,0.));
#2630 = ADVANCED_FACE('',(#2631),#2637,.F.);
#2631 = FACE_BOUND('',#2632,.T.);
#2632 = EDGE_LOOP('',(#2633,#2634,#2635,#2636));
#2633 = ORIENTED_EDGE('',*,*,#2619,.T.);
#2634 = ORIENTED_EDGE('',*,*,#1393,.T.);
#2635 = ORIENTED_EDGE('',*,*,#2600,.F.);
#2636 = ORIENTED_EDGE('',*,*,#597,.F.);
#2637 = CYLINDRICAL_SURFACE('',#2638,0.499999755443);
#2638 = AXIS2_PLACEMENT_3D('',#2639,#2640,#2641);
#2639 = CARTESIAN_POINT('',(145.69896986309,-58.53375661613,0.));
#2640 = DIRECTION('',(-0.,-0.,-1.));
#2641 = DIRECTION('',(-0.504517972959,-0.863401190039,0.));
#2642 = ADVANCED_FACE('',(#2643),#2654,.F.);
#2643 = FACE_BOUND('',#2644,.T.);
#2644 = EDGE_LOOP('',(#2645,#2646,#2652,#2653));
#2645 = ORIENTED_EDGE('',*,*,#667,.T.);
#2646 = ORIENTED_EDGE('',*,*,#2647,.T.);
#2647 = EDGE_CURVE('',#668,#1464,#2648,.T.);
#2648 = LINE('',#2649,#2650);
#2649 = CARTESIAN_POINT('',(156.42,-65.75,-4.6E-02));
#2650 = VECTOR('',#2651,1.);
#2651 = DIRECTION('',(0.,0.,1.));
#2652 = ORIENTED_EDGE('',*,*,#1463,.F.);
#2653 = ORIENTED_EDGE('',*,*,#2647,.F.);
#2654 = CYLINDRICAL_SURFACE('',#2655,0.5);
#2655 = AXIS2_PLACEMENT_3D('',#2656,#2657,#2658);
#2656 = CARTESIAN_POINT('',(156.42,-65.25,-4.6E-02));
#2657 = DIRECTION('',(-0.,-0.,-1.));
#2658 = DIRECTION('',(-0.,-1.,0.));
#2659 = ADVANCED_FACE('',(#2660),#2671,.F.);
#2660 = FACE_BOUND('',#2661,.T.);
#2661 = EDGE_LOOP('',(#2662,#2663,#2669,#2670));
#2662 = ORIENTED_EDGE('',*,*,#678,.T.);
#2663 = ORIENTED_EDGE('',*,*,#2664,.T.);
#2664 = EDGE_CURVE('',#679,#1475,#2665,.T.);
#2665 = LINE('',#2666,#2667);
#2666 = CARTESIAN_POINT('',(158.96,-65.75,-4.6E-02));
#2667 = VECTOR('',#2668,1.);
#2668 = DIRECTION('',(0.,0.,1.));
#2669 = ORIENTED_EDGE('',*,*,#1474,.F.);
#2670 = ORIENTED_EDGE('',*,*,#2664,.F.);
#2671 = CYLINDRICAL_SURFACE('',#2672,0.5);
#2672 = AXIS2_PLACEMENT_3D('',#2673,#2674,#2675);
#2673 = CARTESIAN_POINT('',(158.96,-65.25,-4.6E-02));
#2674 = DIRECTION('',(-0.,-0.,-1.));
#2675 = DIRECTION('',(-0.,-1.,0.));
#2676 = ADVANCED_FACE('',(#2677),#2688,.F.);
#2677 = FACE_BOUND('',#2678,.T.);
#2678 = EDGE_LOOP('',(#2679,#2680,#2686,#2687));
#2679 = ORIENTED_EDGE('',*,*,#689,.T.);
#2680 = ORIENTED_EDGE('',*,*,#2681,.T.);
#2681 = EDGE_CURVE('',#690,#1486,#2682,.T.);
#2682 = LINE('',#2683,#2684);
#2683 = CARTESIAN_POINT('',(161.5,-65.75,-4.6E-02));
#2684 = VECTOR('',#2685,1.);
#2685 = DIRECTION('',(0.,0.,1.));
#2686 = ORIENTED_EDGE('',*,*,#1485,.F.);
#2687 = ORIENTED_EDGE('',*,*,#2681,.F.);
#2688 = CYLINDRICAL_SURFACE('',#2689,0.5);
#2689 = AXIS2_PLACEMENT_3D('',#2690,#2691,#2692);
#2690 = CARTESIAN_POINT('',(161.5,-65.25,-4.6E-02));
#2691 = DIRECTION('',(-0.,-0.,-1.));
#2692 = DIRECTION('',(-0.,-1.,0.));
#2693 = ADVANCED_FACE('',(#2694),#2705,.F.);
#2694 = FACE_BOUND('',#2695,.T.);
#2695 = EDGE_LOOP('',(#2696,#2697,#2703,#2704));
#2696 = ORIENTED_EDGE('',*,*,#700,.T.);
#2697 = ORIENTED_EDGE('',*,*,#2698,.T.);
#2698 = EDGE_CURVE('',#701,#1497,#2699,.T.);
#2699 = LINE('',#2700,#2701);
#2700 = CARTESIAN_POINT('',(164.04,-65.75,-4.6E-02));
#2701 = VECTOR('',#2702,1.);
#2702 = DIRECTION('',(0.,0.,1.));
#2703 = ORIENTED_EDGE('',*,*,#1496,.F.);
#2704 = ORIENTED_EDGE('',*,*,#2698,.F.);
#2705 = CYLINDRICAL_SURFACE('',#2706,0.5);
#2706 = AXIS2_PLACEMENT_3D('',#2707,#2708,#2709);
#2707 = CARTESIAN_POINT('',(164.04,-65.25,-4.6E-02));
#2708 = DIRECTION('',(-0.,-0.,-1.));
#2709 = DIRECTION('',(-0.,-1.,0.));
#2710 = ADVANCED_FACE('',(#2711),#2722,.F.);
#2711 = FACE_BOUND('',#2712,.T.);
#2712 = EDGE_LOOP('',(#2713,#2714,#2720,#2721));
#2713 = ORIENTED_EDGE('',*,*,#711,.T.);
#2714 = ORIENTED_EDGE('',*,*,#2715,.T.);
#2715 = EDGE_CURVE('',#712,#1508,#2716,.T.);
#2716 = LINE('',#2717,#2718);
#2717 = CARTESIAN_POINT('',(166.58,-65.75,-4.6E-02));
#2718 = VECTOR('',#2719,1.);
#2719 = DIRECTION('',(0.,0.,1.));
#2720 = ORIENTED_EDGE('',*,*,#1507,.F.);
#2721 = ORIENTED_EDGE('',*,*,#2715,.F.);
#2722 = CYLINDRICAL_SURFACE('',#2723,0.5);
#2723 = AXIS2_PLACEMENT_3D('',#2724,#2725,#2726);
#2724 = CARTESIAN_POINT('',(166.58,-65.25,-4.6E-02));
#2725 = DIRECTION('',(-0.,-0.,-1.));
#2726 = DIRECTION('',(-0.,-1.,0.));
#2727 = ADVANCED_FACE('',(#2728),#2739,.F.);
#2728 = FACE_BOUND('',#2729,.T.);
#2729 = EDGE_LOOP('',(#2730,#2731,#2737,#2738));
#2730 = ORIENTED_EDGE('',*,*,#722,.T.);
#2731 = ORIENTED_EDGE('',*,*,#2732,.T.);
#2732 = EDGE_CURVE('',#723,#1519,#2733,.T.);
#2733 = LINE('',#2734,#2735);
#2734 = CARTESIAN_POINT('',(169.12,-65.75,-4.6E-02));
#2735 = VECTOR('',#2736,1.);
#2736 = DIRECTION('',(0.,0.,1.));
#2737 = ORIENTED_EDGE('',*,*,#1518,.F.);
#2738 = ORIENTED_EDGE('',*,*,#2732,.F.);
#2739 = CYLINDRICAL_SURFACE('',#2740,0.5);
#2740 = AXIS2_PLACEMENT_3D('',#2741,#2742,#2743);
#2741 = CARTESIAN_POINT('',(169.12,-65.25,-4.6E-02));
#2742 = DIRECTION('',(-0.,-0.,-1.));
#2743 = DIRECTION('',(-0.,-1.,0.));
#2744 = ADVANCED_FACE('',(#2745),#2756,.F.);
#2745 = FACE_BOUND('',#2746,.T.);
#2746 = EDGE_LOOP('',(#2747,#2748,#2754,#2755));
#2747 = ORIENTED_EDGE('',*,*,#733,.T.);
#2748 = ORIENTED_EDGE('',*,*,#2749,.T.);
#2749 = EDGE_CURVE('',#734,#1530,#2750,.T.);
#2750 = LINE('',#2751,#2752);
#2751 = CARTESIAN_POINT('',(110.,-39.31,-4.6E-02));
#2752 = VECTOR('',#2753,1.);
#2753 = DIRECTION('',(0.,0.,1.));
#2754 = ORIENTED_EDGE('',*,*,#1529,.F.);
#2755 = ORIENTED_EDGE('',*,*,#2749,.F.);
#2756 = CYLINDRICAL_SURFACE('',#2757,0.5);
#2757 = AXIS2_PLACEMENT_3D('',#2758,#2759,#2760);
#2758 = CARTESIAN_POINT('',(110.,-38.81,-4.6E-02));
#2759 = DIRECTION('',(-0.,-0.,-1.));
#2760 = DIRECTION('',(-0.,-1.,0.));
#2761 = ADVANCED_FACE('',(#2762),#2773,.F.);
#2762 = FACE_BOUND('',#2763,.T.);
#2763 = EDGE_LOOP('',(#2764,#2765,#2771,#2772));
#2764 = ORIENTED_EDGE('',*,*,#744,.T.);
#2765 = ORIENTED_EDGE('',*,*,#2766,.T.);
#2766 = EDGE_CURVE('',#745,#1541,#2767,.T.);
#2767 = LINE('',#2768,#2769);
#2768 = CARTESIAN_POINT('',(110.,-36.77,-4.6E-02));
#2769 = VECTOR('',#2770,1.);
#2770 = DIRECTION('',(0.,0.,1.));
#2771 = ORIENTED_EDGE('',*,*,#1540,.F.);
#2772 = ORIENTED_EDGE('',*,*,#2766,.F.);
#2773 = CYLINDRICAL_SURFACE('',#2774,0.5);
#2774 = AXIS2_PLACEMENT_3D('',#2775,#2776,#2777);
#2775 = CARTESIAN_POINT('',(110.,-36.27,-4.6E-02));
#2776 = DIRECTION('',(-0.,-0.,-1.));
#2777 = DIRECTION('',(-0.,-1.,0.));
#2778 = ADVANCED_FACE('',(#2779),#2790,.F.);
#2779 = FACE_BOUND('',#2780,.T.);
#2780 = EDGE_LOOP('',(#2781,#2782,#2788,#2789));
#2781 = ORIENTED_EDGE('',*,*,#755,.T.);
#2782 = ORIENTED_EDGE('',*,*,#2783,.T.);
#2783 = EDGE_CURVE('',#756,#1552,#2784,.T.);
#2784 = LINE('',#2785,#2786);
#2785 = CARTESIAN_POINT('',(110.,-34.23,-4.6E-02));
#2786 = VECTOR('',#2787,1.);
#2787 = DIRECTION('',(0.,0.,1.));
#2788 = ORIENTED_EDGE('',*,*,#1551,.F.);
#2789 = ORIENTED_EDGE('',*,*,#2783,.F.);
#2790 = CYLINDRICAL_SURFACE('',#2791,0.5);
#2791 = AXIS2_PLACEMENT_3D('',#2792,#2793,#2794);
#2792 = CARTESIAN_POINT('',(110.,-33.73,-4.6E-02));
#2793 = DIRECTION('',(-0.,-0.,-1.));
#2794 = DIRECTION('',(-0.,-1.,0.));
#2795 = ADVANCED_FACE('',(#2796),#2807,.F.);
#2796 = FACE_BOUND('',#2797,.T.);
#2797 = EDGE_LOOP('',(#2798,#2799,#2805,#2806));
#2798 = ORIENTED_EDGE('',*,*,#766,.T.);
#2799 = ORIENTED_EDGE('',*,*,#2800,.T.);
#2800 = EDGE_CURVE('',#767,#1563,#2801,.T.);
#2801 = LINE('',#2802,#2803);
#2802 = CARTESIAN_POINT('',(110.,-31.69,-4.6E-02));
#2803 = VECTOR('',#2804,1.);
#2804 = DIRECTION('',(0.,0.,1.));
#2805 = ORIENTED_EDGE('',*,*,#1562,.F.);
#2806 = ORIENTED_EDGE('',*,*,#2800,.F.);
#2807 = CYLINDRICAL_SURFACE('',#2808,0.5);
#2808 = AXIS2_PLACEMENT_3D('',#2809,#2810,#2811);
#2809 = CARTESIAN_POINT('',(110.,-31.19,-4.6E-02));
#2810 = DIRECTION('',(-0.,-0.,-1.));
#2811 = DIRECTION('',(-0.,-1.,0.));
#2812 = ADVANCED_FACE('',(#2813),#2824,.F.);
#2813 = FACE_BOUND('',#2814,.T.);
#2814 = EDGE_LOOP('',(#2815,#2816,#2822,#2823));
#2815 = ORIENTED_EDGE('',*,*,#777,.T.);
#2816 = ORIENTED_EDGE('',*,*,#2817,.T.);
#2817 = EDGE_CURVE('',#778,#1574,#2818,.T.);
#2818 = LINE('',#2819,#2820);
#2819 = CARTESIAN_POINT('',(153.88,-50.5,-4.6E-02));
#2820 = VECTOR('',#2821,1.);
#2821 = DIRECTION('',(0.,0.,1.));
#2822 = ORIENTED_EDGE('',*,*,#1573,.F.);
#2823 = ORIENTED_EDGE('',*,*,#2817,.F.);
#2824 = CYLINDRICAL_SURFACE('',#2825,0.5);
#2825 = AXIS2_PLACEMENT_3D('',#2826,#2827,#2828);
#2826 = CARTESIAN_POINT('',(153.88,-50.,-4.6E-02));
#2827 = DIRECTION('',(-0.,-0.,-1.));
#2828 = DIRECTION('',(-0.,-1.,0.));
#2829 = ADVANCED_FACE('',(#2830),#2841,.F.);
#2830 = FACE_BOUND('',#2831,.T.);
#2831 = EDGE_LOOP('',(#2832,#2833,#2839,#2840));
#2832 = ORIENTED_EDGE('',*,*,#788,.T.);
#2833 = ORIENTED_EDGE('',*,*,#2834,.T.);
#2834 = EDGE_CURVE('',#789,#1585,#2835,.T.);
#2835 = LINE('',#2836,#2837);
#2836 = CARTESIAN_POINT('',(156.42,-50.5,-4.6E-02));
#2837 = VECTOR('',#2838,1.);
#2838 = DIRECTION('',(0.,0.,1.));
#2839 = ORIENTED_EDGE('',*,*,#1584,.F.);
#2840 = ORIENTED_EDGE('',*,*,#2834,.F.);
#2841 = CYLINDRICAL_SURFACE('',#2842,0.5);
#2842 = AXIS2_PLACEMENT_3D('',#2843,#2844,#2845);
#2843 = CARTESIAN_POINT('',(156.42,-50.,-4.6E-02));
#2844 = DIRECTION('',(-0.,-0.,-1.));
#2845 = DIRECTION('',(-0.,-1.,0.));
#2846 = ADVANCED_FACE('',(#2847),#2858,.F.);
#2847 = FACE_BOUND('',#2848,.T.);
#2848 = EDGE_LOOP('',(#2849,#2850,#2856,#2857));
#2849 = ORIENTED_EDGE('',*,*,#799,.T.);
#2850 = ORIENTED_EDGE('',*,*,#2851,.T.);
#2851 = EDGE_CURVE('',#800,#1596,#2852,.T.);
#2852 = LINE('',#2853,#2854);
#2853 = CARTESIAN_POINT('',(158.96,-50.5,-4.6E-02));
#2854 = VECTOR('',#2855,1.);
#2855 = DIRECTION('',(0.,0.,1.));
#2856 = ORIENTED_EDGE('',*,*,#1595,.F.);
#2857 = ORIENTED_EDGE('',*,*,#2851,.F.);
#2858 = CYLINDRICAL_SURFACE('',#2859,0.5);
#2859 = AXIS2_PLACEMENT_3D('',#2860,#2861,#2862);
#2860 = CARTESIAN_POINT('',(158.96,-50.,-4.6E-02));
#2861 = DIRECTION('',(-0.,-0.,-1.));
#2862 = DIRECTION('',(-0.,-1.,0.));
#2863 = ADVANCED_FACE('',(#2864),#2875,.F.);
#2864 = FACE_BOUND('',#2865,.T.);
#2865 = EDGE_LOOP('',(#2866,#2867,#2873,#2874));
#2866 = ORIENTED_EDGE('',*,*,#810,.T.);
#2867 = ORIENTED_EDGE('',*,*,#2868,.T.);
#2868 = EDGE_CURVE('',#811,#1607,#2869,.T.);
#2869 = LINE('',#2870,#2871);
#2870 = CARTESIAN_POINT('',(161.5,-50.5,-4.6E-02));
#2871 = VECTOR('',#2872,1.);
#2872 = DIRECTION('',(0.,0.,1.));
#2873 = ORIENTED_EDGE('',*,*,#1606,.F.);
#2874 = ORIENTED_EDGE('',*,*,#2868,.F.);
#2875 = CYLINDRICAL_SURFACE('',#2876,0.5);
#2876 = AXIS2_PLACEMENT_3D('',#2877,#2878,#2879);
#2877 = CARTESIAN_POINT('',(161.5,-50.,-4.6E-02));
#2878 = DIRECTION('',(-0.,-0.,-1.));
#2879 = DIRECTION('',(-0.,-1.,0.));
#2880 = ADVANCED_FACE('',(#2881),#2892,.F.);
#2881 = FACE_BOUND('',#2882,.T.);
#2882 = EDGE_LOOP('',(#2883,#2884,#2890,#2891));
#2883 = ORIENTED_EDGE('',*,*,#821,.T.);
#2884 = ORIENTED_EDGE('',*,*,#2885,.T.);
#2885 = EDGE_CURVE('',#822,#1618,#2886,.T.);
#2886 = LINE('',#2887,#2888);
#2887 = CARTESIAN_POINT('',(164.04,-50.5,-4.6E-02));
#2888 = VECTOR('',#2889,1.);
#2889 = DIRECTION('',(0.,0.,1.));
#2890 = ORIENTED_EDGE('',*,*,#1617,.F.);
#2891 = ORIENTED_EDGE('',*,*,#2885,.F.);
#2892 = CYLINDRICAL_SURFACE('',#2893,0.5);
#2893 = AXIS2_PLACEMENT_3D('',#2894,#2895,#2896);
#2894 = CARTESIAN_POINT('',(164.04,-50.,-4.6E-02));
#2895 = DIRECTION('',(-0.,-0.,-1.));
#2896 = DIRECTION('',(-0.,-1.,0.));
#2897 = ADVANCED_FACE('',(#2898),#2909,.F.);
#2898 = FACE_BOUND('',#2899,.T.);
#2899 = EDGE_LOOP('',(#2900,#2901,#2907,#2908));
#2900 = ORIENTED_EDGE('',*,*,#832,.T.);
#2901 = ORIENTED_EDGE('',*,*,#2902,.T.);
#2902 = EDGE_CURVE('',#833,#1629,#2903,.T.);
#2903 = LINE('',#2904,#2905);
#2904 = CARTESIAN_POINT('',(166.58,-50.5,-4.6E-02));
#2905 = VECTOR('',#2906,1.);
#2906 = DIRECTION('',(0.,0.,1.));
#2907 = ORIENTED_EDGE('',*,*,#1628,.F.);
#2908 = ORIENTED_EDGE('',*,*,#2902,.F.);
#2909 = CYLINDRICAL_SURFACE('',#2910,0.5);
#2910 = AXIS2_PLACEMENT_3D('',#2911,#2912,#2913);
#2911 = CARTESIAN_POINT('',(166.58,-50.,-4.6E-02));
#2912 = DIRECTION('',(-0.,-0.,-1.));
#2913 = DIRECTION('',(-0.,-1.,0.));
#2914 = ADVANCED_FACE('',(#2915),#2926,.F.);
#2915 = FACE_BOUND('',#2916,.T.);
#2916 = EDGE_LOOP('',(#2917,#2918,#2924,#2925));
#2917 = ORIENTED_EDGE('',*,*,#843,.T.);
#2918 = ORIENTED_EDGE('',*,*,#2919,.T.);
#2919 = EDGE_CURVE('',#844,#1640,#2920,.T.);
#2920 = LINE('',#2921,#2922);
#2921 = CARTESIAN_POINT('',(169.12,-50.5,-4.6E-02));
#2922 = VECTOR('',#2923,1.);
#2923 = DIRECTION('',(0.,0.,1.));
#2924 = ORIENTED_EDGE('',*,*,#1639,.F.);
#2925 = ORIENTED_EDGE('',*,*,#2919,.F.);
#2926 = CYLINDRICAL_SURFACE('',#2927,0.5);
#2927 = AXIS2_PLACEMENT_3D('',#2928,#2929,#2930);
#2928 = CARTESIAN_POINT('',(169.12,-50.,-4.6E-02));
#2929 = DIRECTION('',(-0.,-0.,-1.));
#2930 = DIRECTION('',(-0.,-1.,0.));
#2931 = ADVANCED_FACE('',(#2932),#2943,.F.);
#2932 = FACE_BOUND('',#2933,.T.);
#2933 = EDGE_LOOP('',(#2934,#2935,#2941,#2942));
#2934 = ORIENTED_EDGE('',*,*,#854,.T.);
#2935 = ORIENTED_EDGE('',*,*,#2936,.T.);
#2936 = EDGE_CURVE('',#855,#1651,#2937,.T.);
#2937 = LINE('',#2938,#2939);
#2938 = CARTESIAN_POINT('',(153.75,-38.,-4.6E-02));
#2939 = VECTOR('',#2940,1.);
#2940 = DIRECTION('',(0.,0.,1.));
#2941 = ORIENTED_EDGE('',*,*,#1650,.F.);
#2942 = ORIENTED_EDGE('',*,*,#2936,.F.);
#2943 = CYLINDRICAL_SURFACE('',#2944,0.5);
#2944 = AXIS2_PLACEMENT_3D('',#2945,#2946,#2947);
#2945 = CARTESIAN_POINT('',(153.75,-37.5,-4.6E-02));
#2946 = DIRECTION('',(-0.,-0.,-1.));
#2947 = DIRECTION('',(-0.,-1.,0.));
#2948 = ADVANCED_FACE('',(#2949),#2960,.F.);
#2949 = FACE_BOUND('',#2950,.T.);
#2950 = EDGE_LOOP('',(#2951,#2952,#2958,#2959));
#2951 = ORIENTED_EDGE('',*,*,#865,.T.);
#2952 = ORIENTED_EDGE('',*,*,#2953,.T.);
#2953 = EDGE_CURVE('',#866,#1662,#2954,.T.);
#2954 = LINE('',#2955,#2956);
#2955 = CARTESIAN_POINT('',(153.75,-35.5,-4.6E-02));
#2956 = VECTOR('',#2957,1.);
#2957 = DIRECTION('',(0.,0.,1.));
#2958 = ORIENTED_EDGE('',*,*,#1661,.F.);
#2959 = ORIENTED_EDGE('',*,*,#2953,.F.);
#2960 = CYLINDRICAL_SURFACE('',#2961,0.5);
#2961 = AXIS2_PLACEMENT_3D('',#2962,#2963,#2964);
#2962 = CARTESIAN_POINT('',(153.75,-35.,-4.6E-02));
#2963 = DIRECTION('',(-0.,-0.,-1.));
#2964 = DIRECTION('',(-0.,-1.,0.));
#2965 = ADVANCED_FACE('',(#2966),#2977,.F.);
#2966 = FACE_BOUND('',#2967,.T.);
#2967 = EDGE_LOOP('',(#2968,#2969,#2975,#2976));
#2968 = ORIENTED_EDGE('',*,*,#876,.T.);
#2969 = ORIENTED_EDGE('',*,*,#2970,.T.);
#2970 = EDGE_CURVE('',#877,#1673,#2971,.T.);
#2971 = LINE('',#2972,#2973);
#2972 = CARTESIAN_POINT('',(153.75,-33.,-4.6E-02));
#2973 = VECTOR('',#2974,1.);
#2974 = DIRECTION('',(0.,0.,1.));
#2975 = ORIENTED_EDGE('',*,*,#1672,.F.);
#2976 = ORIENTED_EDGE('',*,*,#2970,.F.);
#2977 = CYLINDRICAL_SURFACE('',#2978,0.5);
#2978 = AXIS2_PLACEMENT_3D('',#2979,#2980,#2981);
#2979 = CARTESIAN_POINT('',(153.75,-32.5,-4.6E-02));
#2980 = DIRECTION('',(-0.,-0.,-1.));
#2981 = DIRECTION('',(-0.,-1.,0.));
#2982 = ADVANCED_FACE('',(#2983),#2994,.F.);
#2983 = FACE_BOUND('',#2984,.T.);
#2984 = EDGE_LOOP('',(#2985,#2986,#2992,#2993));
#2985 = ORIENTED_EDGE('',*,*,#887,.T.);
#2986 = ORIENTED_EDGE('',*,*,#2987,.T.);
#2987 = EDGE_CURVE('',#888,#1684,#2988,.T.);
#2988 = LINE('',#2989,#2990);
#2989 = CARTESIAN_POINT('',(161.25,-41.9,-4.6E-02));
#2990 = VECTOR('',#2991,1.);
#2991 = DIRECTION('',(0.,0.,1.));
#2992 = ORIENTED_EDGE('',*,*,#1683,.F.);
#2993 = ORIENTED_EDGE('',*,*,#2987,.F.);
#2994 = CYLINDRICAL_SURFACE('',#2995,1.3);
#2995 = AXIS2_PLACEMENT_3D('',#2996,#2997,#2998);
#2996 = CARTESIAN_POINT('',(161.25,-40.6,-4.6E-02));
#2997 = DIRECTION('',(-0.,-0.,-1.));
#2998 = DIRECTION('',(-0.,-1.,0.));
#2999 = ADVANCED_FACE('',(#3000),#3011,.F.);
#3000 = FACE_BOUND('',#3001,.T.);
#3001 = EDGE_LOOP('',(#3002,#3003,#3009,#3010));
#3002 = ORIENTED_EDGE('',*,*,#898,.T.);
#3003 = ORIENTED_EDGE('',*,*,#3004,.T.);
#3004 = EDGE_CURVE('',#899,#1695,#3005,.T.);
#3005 = LINE('',#3006,#3007);
#3006 = CARTESIAN_POINT('',(168.25,-38.,-4.6E-02));
#3007 = VECTOR('',#3008,1.);
#3008 = DIRECTION('',(0.,0.,1.));
#3009 = ORIENTED_EDGE('',*,*,#1694,.F.);
#3010 = ORIENTED_EDGE('',*,*,#3004,.F.);
#3011 = CYLINDRICAL_SURFACE('',#3012,0.5);
#3012 = AXIS2_PLACEMENT_3D('',#3013,#3014,#3015);
#3013 = CARTESIAN_POINT('',(168.25,-37.5,-4.6E-02));
#3014 = DIRECTION('',(-0.,-0.,-1.));
#3015 = DIRECTION('',(-0.,-1.,0.));
#3016 = ADVANCED_FACE('',(#3017),#3028,.F.);
#3017 = FACE_BOUND('',#3018,.T.);
#3018 = EDGE_LOOP('',(#3019,#3020,#3026,#3027));
#3019 = ORIENTED_EDGE('',*,*,#909,.T.);
#3020 = ORIENTED_EDGE('',*,*,#3021,.T.);
#3021 = EDGE_CURVE('',#910,#1706,#3022,.T.);
#3022 = LINE('',#3023,#3024);
#3023 = CARTESIAN_POINT('',(161.25,-30.7,-4.6E-02));
#3024 = VECTOR('',#3025,1.);
#3025 = DIRECTION('',(0.,0.,1.));
#3026 = ORIENTED_EDGE('',*,*,#1705,.F.);
#3027 = ORIENTED_EDGE('',*,*,#3021,.F.);
#3028 = CYLINDRICAL_SURFACE('',#3029,1.3);
#3029 = AXIS2_PLACEMENT_3D('',#3030,#3031,#3032);
#3030 = CARTESIAN_POINT('',(161.25,-29.4,-4.6E-02));
#3031 = DIRECTION('',(-0.,-0.,-1.));
#3032 = DIRECTION('',(-0.,-1.,0.));
#3033 = ADVANCED_FACE('',(#3034),#3045,.F.);
#3034 = FACE_BOUND('',#3035,.T.);
#3035 = EDGE_LOOP('',(#3036,#3037,#3043,#3044));
#3036 = ORIENTED_EDGE('',*,*,#920,.T.);
#3037 = ORIENTED_EDGE('',*,*,#3038,.T.);
#3038 = EDGE_CURVE('',#921,#1717,#3039,.T.);
#3039 = LINE('',#3040,#3041);
#3040 = CARTESIAN_POINT('',(168.25,-33.,-4.6E-02));
#3041 = VECTOR('',#3042,1.);
#3042 = DIRECTION('',(0.,0.,1.));
#3043 = ORIENTED_EDGE('',*,*,#1716,.F.);
#3044 = ORIENTED_EDGE('',*,*,#3038,.F.);
#3045 = CYLINDRICAL_SURFACE('',#3046,0.5);
#3046 = AXIS2_PLACEMENT_3D('',#3047,#3048,#3049);
#3047 = CARTESIAN_POINT('',(168.25,-32.5,-4.6E-02));
#3048 = DIRECTION('',(-0.,-0.,-1.));
#3049 = DIRECTION('',(-0.,-1.,0.));
#3050 = ( GEOMETRIC_REPRESENTATION_CONTEXT(3) 
GLOBAL_UNCERTAINTY_ASSIGNED_CONTEXT((#3054)) 
GLOBAL_UNIT_ASSIGNED_CONTEXT((#3051,#3052,#3053)) REPRESENTATION_CONTEXT
('Context #1','3D Context with UNIT and UNCERTAINTY') );
#3051 = ( LENGTH_UNIT() NAMED_UNIT(*) SI_UNIT(.MILLI.,.METRE.) );
#3052 = ( NAMED_UNIT(*) PLANE_ANGLE_UNIT() SI_UNIT($,.RADIAN.) );
#3053 = ( NAMED_UNIT(*) SI_UNIT($,.STERADIAN.) SOLID_ANGLE_UNIT() );
#3054 = UNCERTAINTY_MEASURE_WITH_UNIT(LENGTH_MEASURE(1.E-07),#3051,
  'distance_accuracy_value','confusion accuracy');
#3055 = CONTEXT_DEPENDENT_SHAPE_REPRESENTATION(#3056,#3058);
#3056 = ( REPRESENTATION_RELATIONSHIP('','',#32,#10) 
REPRESENTATION_RELATIONSHIP_WITH_TRANSFORMATION(#3057) 
SHAPE_REPRESENTATION_RELATIONSHIP() );
#3057 = ITEM_DEFINED_TRANSFORMATION('','',#11,#15);
#3058 = PRODUCT_DEFINITION_SHAPE('Placement','Placement of an item',
  #3059);
#3059 = NEXT_ASSEMBLY_USAGE_OCCURRENCE('1','=>[0:1:1:2]','',#5,#27,$);
#3060 = PRODUCT_RELATED_PRODUCT_CATEGORY('part',$,(#29));
#3061 = MECHANICAL_DESIGN_GEOMETRIC_PRESENTATION_REPRESENTATION('',(
    #3062),#3050);
#3062 = STYLED_ITEM('color',(#3063),#33);
#3063 = PRESENTATION_STYLE_ASSIGNMENT((#3064));
#3064 = SURFACE_STYLE_USAGE(.BOTH.,#3065);
#3065 = SURFACE_SIDE_STYLE('',(#3066));
#3066 = SURFACE_STYLE_FILL_AREA(#3067);
#3067 = FILL_AREA_STYLE('',(#3068));
#3068 = FILL_AREA_STYLE_COLOUR('',#3069);
#3069 = COLOUR_RGB('',0.313304153717,0.484529207832,0.410020903123);
ENDSEC;
END-ISO-10303-21;
